{"loyalty_score":5,"product_id":"P22","product_category":"fruit_veg","purchase_count":12}
{"loyalty_score":5,"product_id":"P26","product_category":"fruit_veg","purchase_count":12}
{"loyalty_score":5,"product_id":"P23","product_category":"fruit_veg","purchase_count":12}
{"loyalty_score":5,"product_id":"P61","product_category":"bws","purchase_count":12}
{"loyalty_score":5,"product_id":"P16","product_category":"clothes","purchase_count":12}
{"loyalty_score":5,"product_id":"P18","product_category":"clothes","purchase_count":12}
{"loyalty_score":5,"product_id":"P36","product_category":"sweets","purchase_count":12}
{"loyalty_score":5,"product_id":"P36","product_category":"sweets","purchase_count":12}
{"loyalty_score":5,"product_id":"P35","product_category":"sweets","purchase_count":12}
{"loyalty_score":5,"product_id":"P40","product_category":"sweets","purchase_count":12}
{"loyalty_score":5,"product_id":"P35","product_category":"sweets","purchase_count":12}
{"loyalty_score":5,"product_id":"P38","product_category":"sweets","purchase_count":12}
