{"customer_id": "C2", "basket": [{"product_id": "P36", "price": 958}], "date_of_purchase": "2019-02-24 14:27:00"}
{"customer_id": "C3", "basket": [{"product_id": "P49", "price": 234}, {"product_id": "P55", "price": 1386}], "date_of_purchase": "2019-02-24 20:56:00"}
{"customer_id": "C10", "basket": [{"product_id": "P62", "price": 695}, {"product_id": "P63", "price": 150}, {"product_id": "P63", "price": 68}], "date_of_purchase": "2019-02-24 17:04:00"}
{"customer_id": "C11", "basket": [{"product_id": "P37", "price": 1134}], "date_of_purchase": "2019-02-24 20:03:00"}
{"customer_id": "C13", "basket": [{"product_id": "P60", "price": 1792}], "date_of_purchase": "2019-02-24 18:32:00"}
{"customer_id": "C16", "basket": [{"product_id": "P38", "price": 1067}, {"product_id": "P36", "price": 1078}, {"product_id": "P36", "price": 194}], "date_of_purchase": "2019-02-24 12:59:00"}
{"customer_id": "C17", "basket": [{"product_id": "P41", "price": 91}], "date_of_purchase": "2019-02-24 04:14:00"}
{"customer_id": "C29", "basket": [{"product_id": "P52", "price": 1869}, {"product_id": "P43", "price": 20}], "date_of_purchase": "2019-02-24 04:57:00"}
{"customer_id": "C31", "basket": [{"product_id": "P64", "price": 1191}, {"product_id": "P62", "price": 1896}], "date_of_purchase": "2019-02-24 10:31:00"}
{"customer_id": "C37", "basket": [{"product_id": "P25", "price": 38}, {"product_id": "P28", "price": 245}], "date_of_purchase": "2019-02-24 17:18:00"}
{"customer_id": "C39", "basket": [{"product_id": "P21", "price": 1155}], "date_of_purchase": "2019-02-24 06:46:00"}
{"customer_id": "C41", "basket": [{"product_id": "P64", "price": 1027}], "date_of_purchase": "2019-02-24 19:58:00"}
{"customer_id": "C49", "basket": [{"product_id": "P12", "price": 1140}, {"product_id": "P12", "price": 1188}, {"product_id": "P09", "price": 1802}], "date_of_purchase": "2019-02-24 13:48:00"}
{"customer_id": "C52", "basket": [{"product_id": "P64", "price": 987}, {"product_id": "P61", "price": 1688}], "date_of_purchase": "2019-02-24 21:00:00"}
{"customer_id": "C62", "basket": [{"product_id": "P32", "price": 860}, {"product_id": "P25", "price": 124}], "date_of_purchase": "2019-02-24 03:41:00"}
{"customer_id": "C63", "basket": [{"product_id": "P23", "price": 131}, {"product_id": "P25", "price": 1028}], "date_of_purchase": "2019-02-24 19:16:00"}
{"customer_id": "C68", "basket": [{"product_id": "P39", "price": 961}], "date_of_purchase": "2019-02-24 08:53:00"}
{"customer_id": "C72", "basket": [{"product_id": "P61", "price": 1227}, {"product_id": "P61", "price": 385}, {"product_id": "P64", "price": 958}], "date_of_purchase": "2019-02-24 23:40:00"}
{"customer_id": "C80", "basket": [{"product_id": "P23", "price": 1723}, {"product_id": "P26", "price": 651}, {"product_id": "P27", "price": 1667}], "date_of_purchase": "2019-02-24 08:53:00"}
{"customer_id": "C91", "basket": [{"product_id": "P21", "price": 1528}], "date_of_purchase": "2019-02-24 03:34:00"}
{"customer_id": "C92", "basket": [{"product_id": "P29", "price": 1574}, {"product_id": "P31", "price": 1626}], "date_of_purchase": "2019-02-24 04:52:00"}
{"customer_id": "C94", "basket": [{"product_id": "P40", "price": 1334}, {"product_id": "P35", "price": 1007}, {"product_id": "P39", "price": 1433}], "date_of_purchase": "2019-02-24 04:59:00"}
{"customer_id": "C95", "basket": [{"product_id": "P31", "price": 71}, {"product_id": "P32", "price": 1481}], "date_of_purchase": "2019-02-24 06:40:00"}
{"customer_id": "C114", "basket": [{"product_id": "P42", "price": 1391}], "date_of_purchase": "2019-02-24 23:21:00"}
{"customer_id": "C136", "basket": [{"product_id": "P12", "price": 532}], "date_of_purchase": "2019-02-24 05:18:00"}
{"customer_id": "C137", "basket": [{"product_id": "P49", "price": 1728}, {"product_id": "P54", "price": 1825}], "date_of_purchase": "2019-02-24 11:52:00"}
