{"loyalty_score":2,"product_id":"P04","product_category":"house","purchase_count":60}
{"loyalty_score":2,"product_id":"P07","product_category":"house","purchase_count":60}
{"loyalty_score":2,"product_id":"P05","product_category":"house","purchase_count":60}
{"loyalty_score":2,"product_id":"P55","product_category":"food","purchase_count":60}
{"loyalty_score":2,"product_id":"P57","product_category":"food","purchase_count":60}
{"loyalty_score":2,"product_id":"P46","product_category":"food","purchase_count":60}
{"loyalty_score":2,"product_id":"P52","product_category":"food","purchase_count":60}
{"loyalty_score":2,"product_id":"P41","product_category":"food","purchase_count":60}
{"loyalty_score":2,"product_id":"P42","product_category":"food","purchase_count":60}
{"loyalty_score":2,"product_id":"P32","product_category":"fruit_veg","purchase_count":60}
{"loyalty_score":2,"product_id":"P63","product_category":"bws","purchase_count":60}
{"loyalty_score":2,"product_id":"P35","product_category":"sweets","purchase_count":60}
{"loyalty_score":2,"product_id":"P38","product_category":"sweets","purchase_count":60}
{"loyalty_score":2,"product_id":"P35","product_category":"sweets","purchase_count":60}
{"loyalty_score":2,"product_id":"P61","product_category":"bws","purchase_count":60}
{"loyalty_score":2,"product_id":"P62","product_category":"bws","purchase_count":60}
{"loyalty_score":2,"product_id":"P39","product_category":"sweets","purchase_count":60}
{"loyalty_score":2,"product_id":"P40","product_category":"sweets","purchase_count":60}
{"loyalty_score":2,"product_id":"P40","product_category":"sweets","purchase_count":60}
{"loyalty_score":2,"product_id":"P32","product_category":"fruit_veg","purchase_count":60}
{"loyalty_score":2,"product_id":"P44","product_category":"food","purchase_count":60}
{"loyalty_score":2,"product_id":"P56","product_category":"food","purchase_count":60}
{"loyalty_score":2,"product_id":"P61","product_category":"bws","purchase_count":60}
{"loyalty_score":2,"product_id":"P63","product_category":"bws","purchase_count":60}
{"loyalty_score":2,"product_id":"P38","product_category":"sweets","purchase_count":60}
{"loyalty_score":2,"product_id":"P38","product_category":"sweets","purchase_count":60}
{"loyalty_score":2,"product_id":"P40","product_category":"sweets","purchase_count":60}
{"loyalty_score":2,"product_id":"P38","product_category":"sweets","purchase_count":60}
{"loyalty_score":2,"product_id":"P38","product_category":"sweets","purchase_count":60}
{"loyalty_score":2,"product_id":"P50","product_category":"food","purchase_count":60}
{"loyalty_score":2,"product_id":"P53","product_category":"food","purchase_count":60}
{"loyalty_score":2,"product_id":"P51","product_category":"food","purchase_count":60}
{"loyalty_score":2,"product_id":"P62","product_category":"bws","purchase_count":60}
{"loyalty_score":2,"product_id":"P62","product_category":"bws","purchase_count":60}
{"loyalty_score":2,"product_id":"P61","product_category":"bws","purchase_count":60}
{"loyalty_score":2,"product_id":"P23","product_category":"fruit_veg","purchase_count":60}
{"loyalty_score":2,"product_id":"P25","product_category":"fruit_veg","purchase_count":60}
{"loyalty_score":2,"product_id":"P12","product_category":"house","purchase_count":60}
{"loyalty_score":2,"product_id":"P04","product_category":"house","purchase_count":60}
{"loyalty_score":2,"product_id":"P62","product_category":"bws","purchase_count":60}
{"loyalty_score":2,"product_id":"P04","product_category":"house","purchase_count":60}
{"loyalty_score":2,"product_id":"P06","product_category":"house","purchase_count":60}
{"loyalty_score":2,"product_id":"P06","product_category":"house","purchase_count":60}
{"loyalty_score":2,"product_id":"P32","product_category":"fruit_veg","purchase_count":60}
{"loyalty_score":2,"product_id":"P34","product_category":"fruit_veg","purchase_count":60}
{"loyalty_score":2,"product_id":"P62","product_category":"bws","purchase_count":60}
{"loyalty_score":2,"product_id":"P62","product_category":"bws","purchase_count":60}
{"loyalty_score":2,"product_id":"P36","product_category":"sweets","purchase_count":60}
{"loyalty_score":2,"product_id":"P38","product_category":"sweets","purchase_count":60}
{"loyalty_score":2,"product_id":"P37","product_category":"sweets","purchase_count":60}
{"loyalty_score":2,"product_id":"P64","product_category":"bws","purchase_count":60}
{"loyalty_score":2,"product_id":"P61","product_category":"bws","purchase_count":60}
{"loyalty_score":2,"product_id":"P63","product_category":"bws","purchase_count":60}
{"loyalty_score":2,"product_id":"P64","product_category":"bws","purchase_count":60}
{"loyalty_score":2,"product_id":"P36","product_category":"sweets","purchase_count":60}
{"loyalty_score":2,"product_id":"P37","product_category":"sweets","purchase_count":60}
{"loyalty_score":2,"product_id":"P34","product_category":"fruit_veg","purchase_count":60}
{"loyalty_score":2,"product_id":"P32","product_category":"fruit_veg","purchase_count":60}
{"loyalty_score":2,"product_id":"P55","product_category":"food","purchase_count":60}
{"loyalty_score":2,"product_id":"P55","product_category":"food","purchase_count":60}
