{"loyalty_score":8,"product_id":"P26","product_category":"fruit_veg","purchase_count":41}
{"loyalty_score":8,"product_id":"P24","product_category":"fruit_veg","purchase_count":41}
{"loyalty_score":8,"product_id":"P31","product_category":"fruit_veg","purchase_count":41}
{"loyalty_score":8,"product_id":"P18","product_category":"clothes","purchase_count":41}
{"loyalty_score":8,"product_id":"P01","product_category":"house","purchase_count":41}
{"loyalty_score":8,"product_id":"P05","product_category":"house","purchase_count":41}
{"loyalty_score":8,"product_id":"P05","product_category":"house","purchase_count":41}
{"loyalty_score":8,"product_id":"P34","product_category":"fruit_veg","purchase_count":41}
{"loyalty_score":8,"product_id":"P34","product_category":"fruit_veg","purchase_count":41}
{"loyalty_score":8,"product_id":"P30","product_category":"fruit_veg","purchase_count":41}
{"loyalty_score":8,"product_id":"P26","product_category":"fruit_veg","purchase_count":41}
{"loyalty_score":8,"product_id":"P16","product_category":"clothes","purchase_count":41}
{"loyalty_score":8,"product_id":"P13","product_category":"clothes","purchase_count":41}
{"loyalty_score":8,"product_id":"P28","product_category":"fruit_veg","purchase_count":41}
{"loyalty_score":8,"product_id":"P27","product_category":"fruit_veg","purchase_count":41}
{"loyalty_score":8,"product_id":"P33","product_category":"fruit_veg","purchase_count":41}
{"loyalty_score":8,"product_id":"P30","product_category":"fruit_veg","purchase_count":41}
{"loyalty_score":8,"product_id":"P27","product_category":"fruit_veg","purchase_count":41}
{"loyalty_score":8,"product_id":"P23","product_category":"fruit_veg","purchase_count":41}
{"loyalty_score":8,"product_id":"P23","product_category":"fruit_veg","purchase_count":41}
{"loyalty_score":8,"product_id":"P30","product_category":"fruit_veg","purchase_count":41}
{"loyalty_score":8,"product_id":"P23","product_category":"fruit_veg","purchase_count":41}
{"loyalty_score":8,"product_id":"P26","product_category":"fruit_veg","purchase_count":41}
{"loyalty_score":8,"product_id":"P32","product_category":"fruit_veg","purchase_count":41}
{"loyalty_score":8,"product_id":"P27","product_category":"fruit_veg","purchase_count":41}
{"loyalty_score":8,"product_id":"P33","product_category":"fruit_veg","purchase_count":41}
{"loyalty_score":8,"product_id":"P26","product_category":"fruit_veg","purchase_count":41}
{"loyalty_score":8,"product_id":"P28","product_category":"fruit_veg","purchase_count":41}
{"loyalty_score":8,"product_id":"P22","product_category":"fruit_veg","purchase_count":41}
{"loyalty_score":8,"product_id":"P30","product_category":"fruit_veg","purchase_count":41}
{"loyalty_score":8,"product_id":"P33","product_category":"fruit_veg","purchase_count":41}
{"loyalty_score":8,"product_id":"P17","product_category":"clothes","purchase_count":41}
{"loyalty_score":8,"product_id":"P18","product_category":"clothes","purchase_count":41}
{"loyalty_score":8,"product_id":"P12","product_category":"house","purchase_count":41}
{"loyalty_score":8,"product_id":"P04","product_category":"house","purchase_count":41}
{"loyalty_score":8,"product_id":"P33","product_category":"fruit_veg","purchase_count":41}
{"loyalty_score":8,"product_id":"P34","product_category":"fruit_veg","purchase_count":41}
{"loyalty_score":8,"product_id":"P30","product_category":"fruit_veg","purchase_count":41}
{"loyalty_score":8,"product_id":"P27","product_category":"fruit_veg","purchase_count":41}
{"loyalty_score":8,"product_id":"P25","product_category":"fruit_veg","purchase_count":41}
{"loyalty_score":8,"product_id":"P33","product_category":"fruit_veg","purchase_count":41}
