{"loyalty_score":3,"product_id":"P02","product_category":"house","purchase_count":18}
{"loyalty_score":3,"product_id":"P02","product_category":"house","purchase_count":18}
{"loyalty_score":3,"product_id":"P12","product_category":"house","purchase_count":18}
{"loyalty_score":3,"product_id":"P10","product_category":"house","purchase_count":18}
{"loyalty_score":3,"product_id":"P03","product_category":"house","purchase_count":18}
{"loyalty_score":3,"product_id":"P04","product_category":"house","purchase_count":18}
{"loyalty_score":3,"product_id":"P03","product_category":"house","purchase_count":18}
{"loyalty_score":3,"product_id":"P06","product_category":"house","purchase_count":18}
{"loyalty_score":3,"product_id":"P06","product_category":"house","purchase_count":18}
{"loyalty_score":3,"product_id":"P10","product_category":"house","purchase_count":18}
{"loyalty_score":3,"product_id":"P02","product_category":"house","purchase_count":18}
{"loyalty_score":3,"product_id":"P04","product_category":"house","purchase_count":18}
{"loyalty_score":3,"product_id":"P08","product_category":"house","purchase_count":18}
{"loyalty_score":3,"product_id":"P10","product_category":"house","purchase_count":18}
{"loyalty_score":3,"product_id":"P01","product_category":"house","purchase_count":18}
{"loyalty_score":3,"product_id":"P10","product_category":"house","purchase_count":18}
{"loyalty_score":3,"product_id":"P08","product_category":"house","purchase_count":18}
{"loyalty_score":3,"product_id":"P07","product_category":"house","purchase_count":18}
