{"loyalty_score":7,"product_id":"P01","product_category":"house","purchase_count":43}
{"loyalty_score":7,"product_id":"P04","product_category":"house","purchase_count":43}
{"loyalty_score":7,"product_id":"P35","product_category":"sweets","purchase_count":43}
{"loyalty_score":7,"product_id":"P35","product_category":"sweets","purchase_count":43}
{"loyalty_score":7,"product_id":"P40","product_category":"sweets","purchase_count":43}
{"loyalty_score":7,"product_id":"P38","product_category":"sweets","purchase_count":43}
{"loyalty_score":7,"product_id":"P38","product_category":"sweets","purchase_count":43}
{"loyalty_score":7,"product_id":"P03","product_category":"house","purchase_count":43}
{"loyalty_score":7,"product_id":"P08","product_category":"house","purchase_count":43}
{"loyalty_score":7,"product_id":"P07","product_category":"house","purchase_count":43}
{"loyalty_score":7,"product_id":"P35","product_category":"sweets","purchase_count":43}
{"loyalty_score":7,"product_id":"P37","product_category":"sweets","purchase_count":43}
{"loyalty_score":7,"product_id":"P39","product_category":"sweets","purchase_count":43}
{"loyalty_score":7,"product_id":"P40","product_category":"sweets","purchase_count":43}
{"loyalty_score":7,"product_id":"P38","product_category":"sweets","purchase_count":43}
{"loyalty_score":7,"product_id":"P38","product_category":"sweets","purchase_count":43}
{"loyalty_score":7,"product_id":"P45","product_category":"food","purchase_count":43}
{"loyalty_score":7,"product_id":"P30","product_category":"fruit_veg","purchase_count":43}
{"loyalty_score":7,"product_id":"P34","product_category":"fruit_veg","purchase_count":43}
{"loyalty_score":7,"product_id":"P36","product_category":"sweets","purchase_count":43}
{"loyalty_score":7,"product_id":"P37","product_category":"sweets","purchase_count":43}
{"loyalty_score":7,"product_id":"P37","product_category":"sweets","purchase_count":43}
{"loyalty_score":7,"product_id":"P43","product_category":"food","purchase_count":43}
{"loyalty_score":7,"product_id":"P46","product_category":"food","purchase_count":43}
{"loyalty_score":7,"product_id":"P45","product_category":"food","purchase_count":43}
{"loyalty_score":7,"product_id":"P48","product_category":"food","purchase_count":43}
{"loyalty_score":7,"product_id":"P35","product_category":"sweets","purchase_count":43}
{"loyalty_score":7,"product_id":"P37","product_category":"sweets","purchase_count":43}
{"loyalty_score":7,"product_id":"P51","product_category":"food","purchase_count":43}
{"loyalty_score":7,"product_id":"P40","product_category":"sweets","purchase_count":43}
{"loyalty_score":7,"product_id":"P36","product_category":"sweets","purchase_count":43}
{"loyalty_score":7,"product_id":"P35","product_category":"sweets","purchase_count":43}
{"loyalty_score":7,"product_id":"P48","product_category":"food","purchase_count":43}
{"loyalty_score":7,"product_id":"P42","product_category":"food","purchase_count":43}
{"loyalty_score":7,"product_id":"P37","product_category":"sweets","purchase_count":43}
{"loyalty_score":7,"product_id":"P10","product_category":"house","purchase_count":43}
{"loyalty_score":7,"product_id":"P47","product_category":"food","purchase_count":43}
{"loyalty_score":7,"product_id":"P42","product_category":"food","purchase_count":43}
{"loyalty_score":7,"product_id":"P06","product_category":"house","purchase_count":43}
{"loyalty_score":7,"product_id":"P39","product_category":"sweets","purchase_count":43}
{"loyalty_score":7,"product_id":"P39","product_category":"sweets","purchase_count":43}
{"loyalty_score":7,"product_id":"P26","product_category":"fruit_veg","purchase_count":43}
{"loyalty_score":7,"product_id":"P23","product_category":"fruit_veg","purchase_count":43}
