{"loyalty_score":6,"product_id":"P07","product_category":"house","purchase_count":15}
{"loyalty_score":6,"product_id":"P57","product_category":"food","purchase_count":15}
{"loyalty_score":6,"product_id":"P48","product_category":"food","purchase_count":15}
{"loyalty_score":6,"product_id":"P48","product_category":"food","purchase_count":15}
{"loyalty_score":6,"product_id":"P09","product_category":"house","purchase_count":15}
{"loyalty_score":6,"product_id":"P02","product_category":"house","purchase_count":15}
{"loyalty_score":6,"product_id":"P54","product_category":"food","purchase_count":15}
{"loyalty_score":6,"product_id":"P44","product_category":"food","purchase_count":15}
{"loyalty_score":6,"product_id":"P62","product_category":"bws","purchase_count":15}
{"loyalty_score":6,"product_id":"P63","product_category":"bws","purchase_count":15}
{"loyalty_score":6,"product_id":"P53","product_category":"food","purchase_count":15}
{"loyalty_score":6,"product_id":"P55","product_category":"food","purchase_count":15}
{"loyalty_score":6,"product_id":"P52","product_category":"food","purchase_count":15}
{"loyalty_score":6,"product_id":"P62","product_category":"bws","purchase_count":15}
{"loyalty_score":6,"product_id":"P12","product_category":"house","purchase_count":15}
