{"loyalty_score":10,"product_id":"P40","product_category":"sweets","purchase_count":12}
{"loyalty_score":10,"product_id":"P39","product_category":"sweets","purchase_count":12}
{"loyalty_score":10,"product_id":"P38","product_category":"sweets","purchase_count":12}
{"loyalty_score":10,"product_id":"P36","product_category":"sweets","purchase_count":12}
{"loyalty_score":10,"product_id":"P36","product_category":"sweets","purchase_count":12}
{"loyalty_score":10,"product_id":"P37","product_category":"sweets","purchase_count":12}
{"loyalty_score":10,"product_id":"P38","product_category":"sweets","purchase_count":12}
{"loyalty_score":10,"product_id":"P39","product_category":"sweets","purchase_count":12}
{"loyalty_score":10,"product_id":"P35","product_category":"sweets","purchase_count":12}
{"loyalty_score":10,"product_id":"P36","product_category":"sweets","purchase_count":12}
{"loyalty_score":10,"product_id":"P40","product_category":"sweets","purchase_count":12}
{"loyalty_score":10,"product_id":"P37","product_category":"sweets","purchase_count":12}
