{"loyalty_score":7,"product_id":"P41","product_category":"food","purchase_count":13}
{"loyalty_score":7,"product_id":"P43","product_category":"food","purchase_count":13}
{"loyalty_score":7,"product_id":"P61","product_category":"bws","purchase_count":13}
{"loyalty_score":7,"product_id":"P53","product_category":"food","purchase_count":13}
{"loyalty_score":7,"product_id":"P41","product_category":"food","purchase_count":13}
{"loyalty_score":7,"product_id":"P59","product_category":"food","purchase_count":13}
{"loyalty_score":7,"product_id":"P49","product_category":"food","purchase_count":13}
{"loyalty_score":7,"product_id":"P48","product_category":"food","purchase_count":13}
{"loyalty_score":7,"product_id":"P47","product_category":"food","purchase_count":13}
{"loyalty_score":7,"product_id":"P64","product_category":"bws","purchase_count":13}
{"loyalty_score":7,"product_id":"P63","product_category":"bws","purchase_count":13}
{"loyalty_score":7,"product_id":"P63","product_category":"bws","purchase_count":13}
{"loyalty_score":7,"product_id":"P48","product_category":"food","purchase_count":13}
