{"customer_id": "C2", "basket": [{"product_id": "P36", "price": 426}], "date_of_purchase": "2019-02-05 23:13:00"}
{"customer_id": "C18", "basket": [{"product_id": "P20", "price": 316}, {"product_id": "P17", "price": 433}], "date_of_purchase": "2019-02-05 22:52:00"}
{"customer_id": "C29", "basket": [{"product_id": "P42", "price": 729}, {"product_id": "P52", "price": 84}], "date_of_purchase": "2019-02-05 15:57:00"}
{"customer_id": "C32", "basket": [{"product_id": "P33", "price": 270}, {"product_id": "P28", "price": 1591}, {"product_id": "P26", "price": 385}], "date_of_purchase": "2019-02-05 05:35:00"}
{"customer_id": "C33", "basket": [{"product_id": "P61", "price": 194}, {"product_id": "P63", "price": 131}, {"product_id": "P64", "price": 1200}], "date_of_purchase": "2019-02-05 11:46:00"}
{"customer_id": "C35", "basket": [{"product_id": "P15", "price": 101}, {"product_id": "P16", "price": 127}, {"product_id": "P16", "price": 1386}], "date_of_purchase": "2019-02-05 07:56:00"}
{"customer_id": "C37", "basket": [{"product_id": "P12", "price": 1831}], "date_of_purchase": "2019-02-05 12:29:00"}
{"customer_id": "C38", "basket": [{"product_id": "P07", "price": 45}], "date_of_purchase": "2019-02-05 15:20:00"}
{"customer_id": "C49", "basket": [{"product_id": "P05", "price": 648}], "date_of_purchase": "2019-02-05 05:20:00"}
{"customer_id": "C69", "basket": [{"product_id": "P36", "price": 50}], "date_of_purchase": "2019-02-05 08:09:00"}
{"customer_id": "C74", "basket": [{"product_id": "P25", "price": 932}, {"product_id": "P23", "price": 1356}], "date_of_purchase": "2019-02-05 08:22:00"}
{"customer_id": "C77", "basket": [{"product_id": "P07", "price": 1050}, {"product_id": "P07", "price": 119}], "date_of_purchase": "2019-02-05 13:57:00"}
{"customer_id": "C91", "basket": [{"product_id": "P21", "price": 867}, {"product_id": "P17", "price": 5}, {"product_id": "P21", "price": 1156}], "date_of_purchase": "2019-02-05 10:25:00"}
{"customer_id": "C96", "basket": [{"product_id": "P25", "price": 1553}], "date_of_purchase": "2019-02-05 11:41:00"}
{"customer_id": "C98", "basket": [{"product_id": "P56", "price": 345}, {"product_id": "P45", "price": 316}], "date_of_purchase": "2019-02-05 12:15:00"}
{"customer_id": "C108", "basket": [{"product_id": "P09", "price": 1659}, {"product_id": "P03", "price": 1488}, {"product_id": "P06", "price": 1425}], "date_of_purchase": "2019-02-05 04:40:00"}
{"customer_id": "C114", "basket": [{"product_id": "P35", "price": 1540}, {"product_id": "P39", "price": 1813}], "date_of_purchase": "2019-02-05 17:16:00"}
{"customer_id": "C116", "basket": [{"product_id": "P64", "price": 787}, {"product_id": "P62", "price": 1312}], "date_of_purchase": "2019-02-05 14:59:00"}
{"customer_id": "C124", "basket": [{"product_id": "P40", "price": 1750}], "date_of_purchase": "2019-02-05 20:14:00"}
{"customer_id": "C132", "basket": [{"product_id": "P52", "price": 743}, {"product_id": "P51", "price": 47}, {"product_id": "P48", "price": 1288}], "date_of_purchase": "2019-02-05 05:38:00"}
{"customer_id": "C133", "basket": [{"product_id": "P39", "price": 502}, {"product_id": "P36", "price": 421}, {"product_id": "P38", "price": 435}], "date_of_purchase": "2019-02-05 03:30:00"}
