{"loyalty_score":1,"product_id":"P28","product_category":"fruit_veg","purchase_count":13}
{"loyalty_score":1,"product_id":"P33","product_category":"fruit_veg","purchase_count":13}
{"loyalty_score":1,"product_id":"P24","product_category":"fruit_veg","purchase_count":13}
{"loyalty_score":1,"product_id":"P34","product_category":"fruit_veg","purchase_count":13}
{"loyalty_score":1,"product_id":"P34","product_category":"fruit_veg","purchase_count":13}
{"loyalty_score":1,"product_id":"P22","product_category":"fruit_veg","purchase_count":13}
{"loyalty_score":1,"product_id":"P28","product_category":"fruit_veg","purchase_count":13}
{"loyalty_score":1,"product_id":"P34","product_category":"fruit_veg","purchase_count":13}
{"loyalty_score":1,"product_id":"P24","product_category":"fruit_veg","purchase_count":13}
{"loyalty_score":1,"product_id":"P33","product_category":"fruit_veg","purchase_count":13}
{"loyalty_score":1,"product_id":"P25","product_category":"fruit_veg","purchase_count":13}
{"loyalty_score":1,"product_id":"P22","product_category":"fruit_veg","purchase_count":13}
{"loyalty_score":1,"product_id":"P26","product_category":"fruit_veg","purchase_count":13}
