{"customer_id": "C5", "basket": [{"product_id": "P25", "price": 1698}, {"product_id": "P29", "price": 954}], "date_of_purchase": "2019-01-26 16:11:00"}
{"customer_id": "C6", "basket": [{"product_id": "P17", "price": 1990}, {"product_id": "P16", "price": 1352}], "date_of_purchase": "2019-01-26 14:29:00"}
{"customer_id": "C22", "basket": [{"product_id": "P16", "price": 308}, {"product_id": "P20", "price": 1964}], "date_of_purchase": "2019-01-26 15:28:00"}
{"customer_id": "C26", "basket": [{"product_id": "P26", "price": 683}, {"product_id": "P24", "price": 1262}], "date_of_purchase": "2019-01-26 19:03:00"}
{"customer_id": "C35", "basket": [{"product_id": "P17", "price": 574}], "date_of_purchase": "2019-01-26 12:06:00"}
{"customer_id": "C45", "basket": [{"product_id": "P40", "price": 767}], "date_of_purchase": "2019-01-26 17:43:00"}
{"customer_id": "C49", "basket": [{"product_id": "P09", "price": 1366}, {"product_id": "P06", "price": 1386}, {"product_id": "P04", "price": 387}], "date_of_purchase": "2019-01-26 22:36:00"}
{"customer_id": "C54", "basket": [{"product_id": "P26", "price": 1039}, {"product_id": "P22", "price": 1116}], "date_of_purchase": "2019-01-26 11:50:00"}
{"customer_id": "C57", "basket": [{"product_id": "P40", "price": 1828}], "date_of_purchase": "2019-01-26 13:36:00"}
{"customer_id": "C59", "basket": [{"product_id": "P43", "price": 278}], "date_of_purchase": "2019-01-26 10:44:00"}
{"customer_id": "C78", "basket": [{"product_id": "P29", "price": 1635}], "date_of_purchase": "2019-01-26 03:11:00"}
{"customer_id": "C79", "basket": [{"product_id": "P44", "price": 512}, {"product_id": "P41", "price": 1205}, {"product_id": "P42", "price": 986}], "date_of_purchase": "2019-01-26 06:40:00"}
{"customer_id": "C86", "basket": [{"product_id": "P12", "price": 1284}], "date_of_purchase": "2019-01-26 07:09:00"}
{"customer_id": "C90", "basket": [{"product_id": "P52", "price": 347}], "date_of_purchase": "2019-01-26 19:28:00"}
{"customer_id": "C91", "basket": [{"product_id": "P38", "price": 1930}], "date_of_purchase": "2019-01-26 10:03:00"}
{"customer_id": "C95", "basket": [{"product_id": "P36", "price": 87}], "date_of_purchase": "2019-01-26 09:28:00"}
{"customer_id": "C101", "basket": [{"product_id": "P64", "price": 66}], "date_of_purchase": "2019-01-26 20:33:00"}
{"customer_id": "C112", "basket": [{"product_id": "P44", "price": 1103}, {"product_id": "P51", "price": 605}, {"product_id": "P52", "price": 1562}], "date_of_purchase": "2019-01-26 12:01:00"}
{"customer_id": "C113", "basket": [{"product_id": "P05", "price": 1035}, {"product_id": "P03", "price": 645}], "date_of_purchase": "2019-01-26 03:41:00"}
{"customer_id": "C115", "basket": [{"product_id": "P21", "price": 58}, {"product_id": "P19", "price": 1356}, {"product_id": "P17", "price": 1917}], "date_of_purchase": "2019-01-26 13:08:00"}
{"customer_id": "C123", "basket": [{"product_id": "P39", "price": 1406}, {"product_id": "P35", "price": 1314}, {"product_id": "P35", "price": 1169}], "date_of_purchase": "2019-01-26 06:52:00"}
{"customer_id": "C128", "basket": [{"product_id": "P60", "price": 1619}, {"product_id": "P41", "price": 1512}, {"product_id": "P43", "price": 1986}], "date_of_purchase": "2019-01-26 05:56:00"}
{"customer_id": "C129", "basket": [{"product_id": "P31", "price": 1212}, {"product_id": "P30", "price": 529}, {"product_id": "P32", "price": 1004}], "date_of_purchase": "2019-01-26 21:44:00"}
{"customer_id": "C130", "basket": [{"product_id": "P37", "price": 1420}, {"product_id": "P35", "price": 1827}], "date_of_purchase": "2019-01-26 07:44:00"}
{"customer_id": "C137", "basket": [{"product_id": "P07", "price": 863}, {"product_id": "P02", "price": 1474}], "date_of_purchase": "2019-01-26 10:42:00"}
