{"loyalty_score":6,"product_id":"P51","product_category":"food","purchase_count":12}
{"loyalty_score":6,"product_id":"P42","product_category":"food","purchase_count":12}
{"loyalty_score":6,"product_id":"P52","product_category":"food","purchase_count":12}
{"loyalty_score":6,"product_id":"P37","product_category":"sweets","purchase_count":12}
{"loyalty_score":6,"product_id":"P39","product_category":"sweets","purchase_count":12}
{"loyalty_score":6,"product_id":"P38","product_category":"sweets","purchase_count":12}
{"loyalty_score":6,"product_id":"P28","product_category":"fruit_veg","purchase_count":12}
{"loyalty_score":6,"product_id":"P04","product_category":"house","purchase_count":12}
{"loyalty_score":6,"product_id":"P04","product_category":"house","purchase_count":12}
{"loyalty_score":6,"product_id":"P11","product_category":"house","purchase_count":12}
{"loyalty_score":6,"product_id":"P53","product_category":"food","purchase_count":12}
{"loyalty_score":6,"product_id":"P35","product_category":"sweets","purchase_count":12}
