{"customer_id": "C6", "basket": [{"product_id": "P30", "price": 142}, {"product_id": "P31", "price": 1196}, {"product_id": "P32", "price": 188}], "date_of_purchase": "2019-01-05 11:16:00"}
{"customer_id": "C11", "basket": [{"product_id": "P63", "price": 572}, {"product_id": "P64", "price": 1471}, {"product_id": "P62", "price": 1300}], "date_of_purchase": "2019-01-05 09:52:00"}
{"customer_id": "C12", "basket": [{"product_id": "P24", "price": 1965}, {"product_id": "P31", "price": 572}], "date_of_purchase": "2019-01-05 09:03:00"}
{"customer_id": "C20", "basket": [{"product_id": "P37", "price": 33}], "date_of_purchase": "2019-01-05 19:11:00"}
{"customer_id": "C23", "basket": [{"product_id": "P45", "price": 1772}, {"product_id": "P52", "price": 598}], "date_of_purchase": "2019-01-05 08:25:00"}
{"customer_id": "C26", "basket": [{"product_id": "P35", "price": 1932}], "date_of_purchase": "2019-01-05 21:51:00"}
{"customer_id": "C33", "basket": [{"product_id": "P60", "price": 1591}, {"product_id": "P48", "price": 43}], "date_of_purchase": "2019-01-05 14:45:00"}
{"customer_id": "C34", "basket": [{"product_id": "P58", "price": 672}, {"product_id": "P48", "price": 1937}, {"product_id": "P41", "price": 957}], "date_of_purchase": "2019-01-05 16:18:00"}
{"customer_id": "C36", "basket": [{"product_id": "P02", "price": 1169}, {"product_id": "P11", "price": 1787}], "date_of_purchase": "2019-01-05 19:15:00"}
{"customer_id": "C38", "basket": [{"product_id": "P10", "price": 1207}], "date_of_purchase": "2019-01-05 04:32:00"}
{"customer_id": "C40", "basket": [{"product_id": "P52", "price": 1630}, {"product_id": "P50", "price": 1981}, {"product_id": "P43", "price": 717}], "date_of_purchase": "2019-01-05 12:01:00"}
{"customer_id": "C42", "basket": [{"product_id": "P50", "price": 960}], "date_of_purchase": "2019-01-05 14:34:00"}
{"customer_id": "C48", "basket": [{"product_id": "P33", "price": 811}, {"product_id": "P23", "price": 347}], "date_of_purchase": "2019-01-05 03:33:00"}
{"customer_id": "C49", "basket": [{"product_id": "P01", "price": 1743}, {"product_id": "P07", "price": 18}, {"product_id": "P10", "price": 1950}], "date_of_purchase": "2019-01-05 22:23:00"}
{"customer_id": "C50", "basket": [{"product_id": "P38", "price": 1219}, {"product_id": "P36", "price": 726}, {"product_id": "P36", "price": 889}], "date_of_purchase": "2019-01-05 17:27:00"}
{"customer_id": "C52", "basket": [{"product_id": "P61", "price": 1360}, {"product_id": "P61", "price": 58}, {"product_id": "P62", "price": 1506}], "date_of_purchase": "2019-01-05 23:27:00"}
{"customer_id": "C54", "basket": [{"product_id": "P31", "price": 1021}], "date_of_purchase": "2019-01-05 02:48:00"}
{"customer_id": "C58", "basket": [{"product_id": "P31", "price": 305}], "date_of_purchase": "2019-01-05 09:59:00"}
{"customer_id": "C60", "basket": [{"product_id": "P38", "price": 1942}, {"product_id": "P40", "price": 1555}], "date_of_purchase": "2019-01-05 18:43:00"}
{"customer_id": "C68", "basket": [{"product_id": "P61", "price": 1418}], "date_of_purchase": "2019-01-05 15:41:00"}
{"customer_id": "C69", "basket": [{"product_id": "P22", "price": 969}, {"product_id": "P34", "price": 484}, {"product_id": "P28", "price": 247}], "date_of_purchase": "2019-01-05 14:53:00"}
{"customer_id": "C74", "basket": [{"product_id": "P61", "price": 317}], "date_of_purchase": "2019-01-05 19:13:00"}
{"customer_id": "C76", "basket": [{"product_id": "P32", "price": 841}], "date_of_purchase": "2019-01-05 12:41:00"}
{"customer_id": "C79", "basket": [{"product_id": "P42", "price": 311}, {"product_id": "P51", "price": 996}, {"product_id": "P53", "price": 10}], "date_of_purchase": "2019-01-05 05:38:00"}
{"customer_id": "C80", "basket": [{"product_id": "P63", "price": 1410}], "date_of_purchase": "2019-01-05 04:52:00"}
{"customer_id": "C81", "basket": [{"product_id": "P27", "price": 427}], "date_of_purchase": "2019-01-05 08:29:00"}
{"customer_id": "C82", "basket": [{"product_id": "P63", "price": 766}], "date_of_purchase": "2019-01-05 11:36:00"}
{"customer_id": "C94", "basket": [{"product_id": "P40", "price": 909}, {"product_id": "P37", "price": 825}, {"product_id": "P35", "price": 997}], "date_of_purchase": "2019-01-05 03:54:00"}
{"customer_id": "C96", "basket": [{"product_id": "P32", "price": 1252}], "date_of_purchase": "2019-01-05 08:10:00"}
{"customer_id": "C104", "basket": [{"product_id": "P11", "price": 500}], "date_of_purchase": "2019-01-05 07:20:00"}
{"customer_id": "C111", "basket": [{"product_id": "P25", "price": 831}], "date_of_purchase": "2019-01-05 21:29:00"}
{"customer_id": "C113", "basket": [{"product_id": "P23", "price": 1983}], "date_of_purchase": "2019-01-05 05:45:00"}
{"customer_id": "C116", "basket": [{"product_id": "P53", "price": 508}, {"product_id": "P57", "price": 1804}], "date_of_purchase": "2019-01-05 19:42:00"}
{"customer_id": "C117", "basket": [{"product_id": "P29", "price": 24}], "date_of_purchase": "2019-01-05 20:51:00"}
{"customer_id": "C126", "basket": [{"product_id": "P11", "price": 1229}], "date_of_purchase": "2019-01-05 12:05:00"}
{"customer_id": "C133", "basket": [{"product_id": "P39", "price": 917}], "date_of_purchase": "2019-01-05 22:25:00"}
