{"loyalty_score":2,"product_id":"P62","product_category":"bws","purchase_count":48}
{"loyalty_score":2,"product_id":"P61","product_category":"bws","purchase_count":48}
{"loyalty_score":2,"product_id":"P64","product_category":"bws","purchase_count":48}
{"loyalty_score":2,"product_id":"P25","product_category":"fruit_veg","purchase_count":48}
{"loyalty_score":2,"product_id":"P25","product_category":"fruit_veg","purchase_count":48}
{"loyalty_score":2,"product_id":"P31","product_category":"fruit_veg","purchase_count":48}
{"loyalty_score":2,"product_id":"P25","product_category":"fruit_veg","purchase_count":48}
{"loyalty_score":2,"product_id":"P33","product_category":"fruit_veg","purchase_count":48}
{"loyalty_score":2,"product_id":"P32","product_category":"fruit_veg","purchase_count":48}
{"loyalty_score":2,"product_id":"P23","product_category":"fruit_veg","purchase_count":48}
{"loyalty_score":2,"product_id":"P26","product_category":"fruit_veg","purchase_count":48}
{"loyalty_score":2,"product_id":"P61","product_category":"bws","purchase_count":48}
{"loyalty_score":2,"product_id":"P61","product_category":"bws","purchase_count":48}
{"loyalty_score":2,"product_id":"P36","product_category":"sweets","purchase_count":48}
{"loyalty_score":2,"product_id":"P39","product_category":"sweets","purchase_count":48}
{"loyalty_score":2,"product_id":"P37","product_category":"sweets","purchase_count":48}
{"loyalty_score":2,"product_id":"P61","product_category":"bws","purchase_count":48}
{"loyalty_score":2,"product_id":"P53","product_category":"food","purchase_count":48}
{"loyalty_score":2,"product_id":"P64","product_category":"bws","purchase_count":48}
{"loyalty_score":2,"product_id":"P45","product_category":"food","purchase_count":48}
{"loyalty_score":2,"product_id":"P43","product_category":"food","purchase_count":48}
{"loyalty_score":2,"product_id":"P54","product_category":"food","purchase_count":48}
{"loyalty_score":2,"product_id":"P25","product_category":"fruit_veg","purchase_count":48}
{"loyalty_score":2,"product_id":"P23","product_category":"fruit_veg","purchase_count":48}
{"loyalty_score":2,"product_id":"P28","product_category":"fruit_veg","purchase_count":48}
{"loyalty_score":2,"product_id":"P37","product_category":"sweets","purchase_count":48}
{"loyalty_score":2,"product_id":"P38","product_category":"sweets","purchase_count":48}
{"loyalty_score":2,"product_id":"P39","product_category":"sweets","purchase_count":48}
{"loyalty_score":2,"product_id":"P40","product_category":"sweets","purchase_count":48}
{"loyalty_score":2,"product_id":"P50","product_category":"food","purchase_count":48}
{"loyalty_score":2,"product_id":"P35","product_category":"sweets","purchase_count":48}
{"loyalty_score":2,"product_id":"P37","product_category":"sweets","purchase_count":48}
{"loyalty_score":2,"product_id":"P40","product_category":"sweets","purchase_count":48}
{"loyalty_score":2,"product_id":"P23","product_category":"fruit_veg","purchase_count":48}
{"loyalty_score":2,"product_id":"P33","product_category":"fruit_veg","purchase_count":48}
{"loyalty_score":2,"product_id":"P24","product_category":"fruit_veg","purchase_count":48}
{"loyalty_score":2,"product_id":"P34","product_category":"fruit_veg","purchase_count":48}
{"loyalty_score":2,"product_id":"P50","product_category":"food","purchase_count":48}
{"loyalty_score":2,"product_id":"P57","product_category":"food","purchase_count":48}
{"loyalty_score":2,"product_id":"P56","product_category":"food","purchase_count":48}
{"loyalty_score":2,"product_id":"P38","product_category":"sweets","purchase_count":48}
{"loyalty_score":2,"product_id":"P38","product_category":"sweets","purchase_count":48}
{"loyalty_score":2,"product_id":"P27","product_category":"fruit_veg","purchase_count":48}
{"loyalty_score":2,"product_id":"P23","product_category":"fruit_veg","purchase_count":48}
{"loyalty_score":2,"product_id":"P32","product_category":"fruit_veg","purchase_count":48}
{"loyalty_score":2,"product_id":"P22","product_category":"fruit_veg","purchase_count":48}
{"loyalty_score":2,"product_id":"P59","product_category":"food","purchase_count":48}
{"loyalty_score":2,"product_id":"P44","product_category":"food","purchase_count":48}
