{"loyalty_score":10,"product_id":"P20","product_category":"clothes","purchase_count":47}
{"loyalty_score":10,"product_id":"P14","product_category":"clothes","purchase_count":47}
{"loyalty_score":10,"product_id":"P27","product_category":"fruit_veg","purchase_count":47}
{"loyalty_score":10,"product_id":"P34","product_category":"fruit_veg","purchase_count":47}
{"loyalty_score":10,"product_id":"P20","product_category":"clothes","purchase_count":47}
{"loyalty_score":10,"product_id":"P14","product_category":"clothes","purchase_count":47}
{"loyalty_score":10,"product_id":"P17","product_category":"clothes","purchase_count":47}
{"loyalty_score":10,"product_id":"P13","product_category":"clothes","purchase_count":47}
{"loyalty_score":10,"product_id":"P16","product_category":"clothes","purchase_count":47}
{"loyalty_score":10,"product_id":"P14","product_category":"clothes","purchase_count":47}
{"loyalty_score":10,"product_id":"P21","product_category":"clothes","purchase_count":47}
{"loyalty_score":10,"product_id":"P21","product_category":"clothes","purchase_count":47}
{"loyalty_score":10,"product_id":"P24","product_category":"fruit_veg","purchase_count":47}
{"loyalty_score":10,"product_id":"P23","product_category":"fruit_veg","purchase_count":47}
{"loyalty_score":10,"product_id":"P30","product_category":"fruit_veg","purchase_count":47}
{"loyalty_score":10,"product_id":"P18","product_category":"clothes","purchase_count":47}
{"loyalty_score":10,"product_id":"P19","product_category":"clothes","purchase_count":47}
{"loyalty_score":10,"product_id":"P19","product_category":"clothes","purchase_count":47}
{"loyalty_score":10,"product_id":"P16","product_category":"clothes","purchase_count":47}
{"loyalty_score":10,"product_id":"P17","product_category":"clothes","purchase_count":47}
{"loyalty_score":10,"product_id":"P21","product_category":"clothes","purchase_count":47}
{"loyalty_score":10,"product_id":"P31","product_category":"fruit_veg","purchase_count":47}
{"loyalty_score":10,"product_id":"P16","product_category":"clothes","purchase_count":47}
{"loyalty_score":10,"product_id":"P17","product_category":"clothes","purchase_count":47}
{"loyalty_score":10,"product_id":"P13","product_category":"clothes","purchase_count":47}
{"loyalty_score":10,"product_id":"P14","product_category":"clothes","purchase_count":47}
{"loyalty_score":10,"product_id":"P17","product_category":"clothes","purchase_count":47}
{"loyalty_score":10,"product_id":"P34","product_category":"fruit_veg","purchase_count":47}
{"loyalty_score":10,"product_id":"P24","product_category":"fruit_veg","purchase_count":47}
{"loyalty_score":10,"product_id":"P28","product_category":"fruit_veg","purchase_count":47}
{"loyalty_score":10,"product_id":"P21","product_category":"clothes","purchase_count":47}
{"loyalty_score":10,"product_id":"P15","product_category":"clothes","purchase_count":47}
{"loyalty_score":10,"product_id":"P17","product_category":"clothes","purchase_count":47}
{"loyalty_score":10,"product_id":"P19","product_category":"clothes","purchase_count":47}
{"loyalty_score":10,"product_id":"P22","product_category":"fruit_veg","purchase_count":47}
{"loyalty_score":10,"product_id":"P32","product_category":"fruit_veg","purchase_count":47}
{"loyalty_score":10,"product_id":"P17","product_category":"clothes","purchase_count":47}
{"loyalty_score":10,"product_id":"P19","product_category":"clothes","purchase_count":47}
{"loyalty_score":10,"product_id":"P13","product_category":"clothes","purchase_count":47}
{"loyalty_score":10,"product_id":"P28","product_category":"fruit_veg","purchase_count":47}
{"loyalty_score":10,"product_id":"P27","product_category":"fruit_veg","purchase_count":47}
{"loyalty_score":10,"product_id":"P32","product_category":"fruit_veg","purchase_count":47}
{"loyalty_score":10,"product_id":"P31","product_category":"fruit_veg","purchase_count":47}
{"loyalty_score":10,"product_id":"P30","product_category":"fruit_veg","purchase_count":47}
{"loyalty_score":10,"product_id":"P15","product_category":"clothes","purchase_count":47}
{"loyalty_score":10,"product_id":"P17","product_category":"clothes","purchase_count":47}
{"loyalty_score":10,"product_id":"P15","product_category":"clothes","purchase_count":47}
