{"loyalty_score":2,"product_id":"P31","product_category":"fruit_veg","purchase_count":22}
{"loyalty_score":2,"product_id":"P22","product_category":"fruit_veg","purchase_count":22}
{"loyalty_score":2,"product_id":"P30","product_category":"fruit_veg","purchase_count":22}
{"loyalty_score":2,"product_id":"P36","product_category":"sweets","purchase_count":22}
{"loyalty_score":2,"product_id":"P36","product_category":"sweets","purchase_count":22}
{"loyalty_score":2,"product_id":"P36","product_category":"sweets","purchase_count":22}
{"loyalty_score":2,"product_id":"P39","product_category":"sweets","purchase_count":22}
{"loyalty_score":2,"product_id":"P40","product_category":"sweets","purchase_count":22}
{"loyalty_score":2,"product_id":"P39","product_category":"sweets","purchase_count":22}
{"loyalty_score":2,"product_id":"P38","product_category":"sweets","purchase_count":22}
{"loyalty_score":2,"product_id":"P37","product_category":"sweets","purchase_count":22}
{"loyalty_score":2,"product_id":"P38","product_category":"sweets","purchase_count":22}
{"loyalty_score":2,"product_id":"P30","product_category":"fruit_veg","purchase_count":22}
{"loyalty_score":2,"product_id":"P23","product_category":"fruit_veg","purchase_count":22}
{"loyalty_score":2,"product_id":"P58","product_category":"food","purchase_count":22}
{"loyalty_score":2,"product_id":"P46","product_category":"food","purchase_count":22}
{"loyalty_score":2,"product_id":"P36","product_category":"sweets","purchase_count":22}
{"loyalty_score":2,"product_id":"P38","product_category":"sweets","purchase_count":22}
{"loyalty_score":2,"product_id":"P36","product_category":"sweets","purchase_count":22}
{"loyalty_score":2,"product_id":"P53","product_category":"food","purchase_count":22}
{"loyalty_score":2,"product_id":"P56","product_category":"food","purchase_count":22}
{"loyalty_score":2,"product_id":"P23","product_category":"fruit_veg","purchase_count":22}
