{"loyalty_score":7,"product_id":"P07","product_category":"house","purchase_count":20}
{"loyalty_score":7,"product_id":"P40","product_category":"sweets","purchase_count":20}
{"loyalty_score":7,"product_id":"P06","product_category":"house","purchase_count":20}
{"loyalty_score":7,"product_id":"P01","product_category":"house","purchase_count":20}
{"loyalty_score":7,"product_id":"P01","product_category":"house","purchase_count":20}
{"loyalty_score":7,"product_id":"P40","product_category":"sweets","purchase_count":20}
{"loyalty_score":7,"product_id":"P07","product_category":"house","purchase_count":20}
{"loyalty_score":7,"product_id":"P03","product_category":"house","purchase_count":20}
{"loyalty_score":7,"product_id":"P35","product_category":"sweets","purchase_count":20}
{"loyalty_score":7,"product_id":"P35","product_category":"sweets","purchase_count":20}
{"loyalty_score":7,"product_id":"P39","product_category":"sweets","purchase_count":20}
{"loyalty_score":7,"product_id":"P09","product_category":"house","purchase_count":20}
{"loyalty_score":7,"product_id":"P35","product_category":"sweets","purchase_count":20}
{"loyalty_score":7,"product_id":"P39","product_category":"sweets","purchase_count":20}
{"loyalty_score":7,"product_id":"P40","product_category":"sweets","purchase_count":20}
{"loyalty_score":7,"product_id":"P40","product_category":"sweets","purchase_count":20}
{"loyalty_score":7,"product_id":"P37","product_category":"sweets","purchase_count":20}
{"loyalty_score":7,"product_id":"P35","product_category":"sweets","purchase_count":20}
{"loyalty_score":7,"product_id":"P40","product_category":"sweets","purchase_count":20}
{"loyalty_score":7,"product_id":"P11","product_category":"house","purchase_count":20}
