{"loyalty_score":6,"product_id":"P34","product_category":"fruit_veg","purchase_count":22}
{"loyalty_score":6,"product_id":"P33","product_category":"fruit_veg","purchase_count":22}
{"loyalty_score":6,"product_id":"P27","product_category":"fruit_veg","purchase_count":22}
{"loyalty_score":6,"product_id":"P40","product_category":"sweets","purchase_count":22}
{"loyalty_score":6,"product_id":"P35","product_category":"sweets","purchase_count":22}
{"loyalty_score":6,"product_id":"P25","product_category":"fruit_veg","purchase_count":22}
{"loyalty_score":6,"product_id":"P24","product_category":"fruit_veg","purchase_count":22}
{"loyalty_score":6,"product_id":"P26","product_category":"fruit_veg","purchase_count":22}
{"loyalty_score":6,"product_id":"P25","product_category":"fruit_veg","purchase_count":22}
{"loyalty_score":6,"product_id":"P22","product_category":"fruit_veg","purchase_count":22}
{"loyalty_score":6,"product_id":"P34","product_category":"fruit_veg","purchase_count":22}
{"loyalty_score":6,"product_id":"P27","product_category":"fruit_veg","purchase_count":22}
{"loyalty_score":6,"product_id":"P28","product_category":"fruit_veg","purchase_count":22}
{"loyalty_score":6,"product_id":"P27","product_category":"fruit_veg","purchase_count":22}
{"loyalty_score":6,"product_id":"P10","product_category":"house","purchase_count":22}
{"loyalty_score":6,"product_id":"P11","product_category":"house","purchase_count":22}
{"loyalty_score":6,"product_id":"P06","product_category":"house","purchase_count":22}
{"loyalty_score":6,"product_id":"P34","product_category":"fruit_veg","purchase_count":22}
{"loyalty_score":6,"product_id":"P26","product_category":"fruit_veg","purchase_count":22}
{"loyalty_score":6,"product_id":"P27","product_category":"fruit_veg","purchase_count":22}
{"loyalty_score":6,"product_id":"P34","product_category":"fruit_veg","purchase_count":22}
{"loyalty_score":6,"product_id":"P26","product_category":"fruit_veg","purchase_count":22}
