{"loyalty_score":4,"product_id":"P40","product_category":"sweets","purchase_count":44}
{"loyalty_score":4,"product_id":"P40","product_category":"sweets","purchase_count":44}
{"loyalty_score":4,"product_id":"P35","product_category":"sweets","purchase_count":44}
{"loyalty_score":4,"product_id":"P30","product_category":"fruit_veg","purchase_count":44}
{"loyalty_score":4,"product_id":"P35","product_category":"sweets","purchase_count":44}
{"loyalty_score":4,"product_id":"P35","product_category":"sweets","purchase_count":44}
{"loyalty_score":4,"product_id":"P35","product_category":"sweets","purchase_count":44}
{"loyalty_score":4,"product_id":"P23","product_category":"fruit_veg","purchase_count":44}
{"loyalty_score":4,"product_id":"P34","product_category":"fruit_veg","purchase_count":44}
{"loyalty_score":4,"product_id":"P22","product_category":"fruit_veg","purchase_count":44}
{"loyalty_score":4,"product_id":"P25","product_category":"fruit_veg","purchase_count":44}
{"loyalty_score":4,"product_id":"P23","product_category":"fruit_veg","purchase_count":44}
{"loyalty_score":4,"product_id":"P25","product_category":"fruit_veg","purchase_count":44}
{"loyalty_score":4,"product_id":"P22","product_category":"fruit_veg","purchase_count":44}
{"loyalty_score":4,"product_id":"P37","product_category":"sweets","purchase_count":44}
{"loyalty_score":4,"product_id":"P38","product_category":"sweets","purchase_count":44}
{"loyalty_score":4,"product_id":"P39","product_category":"sweets","purchase_count":44}
{"loyalty_score":4,"product_id":"P27","product_category":"fruit_veg","purchase_count":44}
{"loyalty_score":4,"product_id":"P36","product_category":"sweets","purchase_count":44}
{"loyalty_score":4,"product_id":"P39","product_category":"sweets","purchase_count":44}
{"loyalty_score":4,"product_id":"P38","product_category":"sweets","purchase_count":44}
{"loyalty_score":4,"product_id":"P38","product_category":"sweets","purchase_count":44}
{"loyalty_score":4,"product_id":"P35","product_category":"sweets","purchase_count":44}
{"loyalty_score":4,"product_id":"P38","product_category":"sweets","purchase_count":44}
{"loyalty_score":4,"product_id":"P38","product_category":"sweets","purchase_count":44}
{"loyalty_score":4,"product_id":"P25","product_category":"fruit_veg","purchase_count":44}
{"loyalty_score":4,"product_id":"P29","product_category":"fruit_veg","purchase_count":44}
{"loyalty_score":4,"product_id":"P23","product_category":"fruit_veg","purchase_count":44}
{"loyalty_score":4,"product_id":"P39","product_category":"sweets","purchase_count":44}
{"loyalty_score":4,"product_id":"P39","product_category":"sweets","purchase_count":44}
{"loyalty_score":4,"product_id":"P24","product_category":"fruit_veg","purchase_count":44}
{"loyalty_score":4,"product_id":"P27","product_category":"fruit_veg","purchase_count":44}
{"loyalty_score":4,"product_id":"P36","product_category":"sweets","purchase_count":44}
{"loyalty_score":4,"product_id":"P36","product_category":"sweets","purchase_count":44}
{"loyalty_score":4,"product_id":"P37","product_category":"sweets","purchase_count":44}
{"loyalty_score":4,"product_id":"P38","product_category":"sweets","purchase_count":44}
{"loyalty_score":4,"product_id":"P35","product_category":"sweets","purchase_count":44}
{"loyalty_score":4,"product_id":"P39","product_category":"sweets","purchase_count":44}
{"loyalty_score":4,"product_id":"P35","product_category":"sweets","purchase_count":44}
{"loyalty_score":4,"product_id":"P37","product_category":"sweets","purchase_count":44}
{"loyalty_score":4,"product_id":"P36","product_category":"sweets","purchase_count":44}
{"loyalty_score":4,"product_id":"P28","product_category":"fruit_veg","purchase_count":44}
{"loyalty_score":4,"product_id":"P34","product_category":"fruit_veg","purchase_count":44}
{"loyalty_score":4,"product_id":"P22","product_category":"fruit_veg","purchase_count":44}
