{"loyalty_score":3,"product_id":"P06","product_category":"house","purchase_count":15}
{"loyalty_score":3,"product_id":"P04","product_category":"house","purchase_count":15}
{"loyalty_score":3,"product_id":"P02","product_category":"house","purchase_count":15}
{"loyalty_score":3,"product_id":"P03","product_category":"house","purchase_count":15}
{"loyalty_score":3,"product_id":"P37","product_category":"sweets","purchase_count":15}
{"loyalty_score":3,"product_id":"P38","product_category":"sweets","purchase_count":15}
{"loyalty_score":3,"product_id":"P38","product_category":"sweets","purchase_count":15}
{"loyalty_score":3,"product_id":"P37","product_category":"sweets","purchase_count":15}
{"loyalty_score":3,"product_id":"P39","product_category":"sweets","purchase_count":15}
{"loyalty_score":3,"product_id":"P36","product_category":"sweets","purchase_count":15}
{"loyalty_score":3,"product_id":"P36","product_category":"sweets","purchase_count":15}
{"loyalty_score":3,"product_id":"P38","product_category":"sweets","purchase_count":15}
{"loyalty_score":3,"product_id":"P22","product_category":"fruit_veg","purchase_count":15}
{"loyalty_score":3,"product_id":"P32","product_category":"fruit_veg","purchase_count":15}
{"loyalty_score":3,"product_id":"P32","product_category":"fruit_veg","purchase_count":15}
