{"customer_id": "C1", "basket": [{"product_id": "P07", "price": 621}, {"product_id": "P07", "price": 1076}, {"product_id": "P01", "price": 1888}], "date_of_purchase": "2018-12-24 15:44:00"}
{"customer_id": "C3", "basket": [{"product_id": "P39", "price": 1833}, {"product_id": "P35", "price": 1226}, {"product_id": "P38", "price": 1920}], "date_of_purchase": "2018-12-24 17:03:00"}
{"customer_id": "C9", "basket": [{"product_id": "P55", "price": 1325}, {"product_id": "P42", "price": 1371}], "date_of_purchase": "2018-12-24 18:53:00"}
{"customer_id": "C13", "basket": [{"product_id": "P42", "price": 1612}, {"product_id": "P60", "price": 1867}], "date_of_purchase": "2018-12-24 18:04:00"}
{"customer_id": "C20", "basket": [{"product_id": "P04", "price": 593}, {"product_id": "P01", "price": 901}, {"product_id": "P03", "price": 557}], "date_of_purchase": "2018-12-24 14:33:00"}
{"customer_id": "C29", "basket": [{"product_id": "P49", "price": 767}, {"product_id": "P45", "price": 1345}], "date_of_purchase": "2018-12-24 16:08:00"}
{"customer_id": "C30", "basket": [{"product_id": "P24", "price": 286}], "date_of_purchase": "2018-12-24 05:27:00"}
{"customer_id": "C38", "basket": [{"product_id": "P29", "price": 222}, {"product_id": "P32", "price": 1119}, {"product_id": "P27", "price": 900}], "date_of_purchase": "2018-12-24 11:15:00"}
{"customer_id": "C43", "basket": [{"product_id": "P38", "price": 1749}, {"product_id": "P40", "price": 455}], "date_of_purchase": "2018-12-24 19:55:00"}
{"customer_id": "C44", "basket": [{"product_id": "P16", "price": 1701}, {"product_id": "P14", "price": 1167}], "date_of_purchase": "2018-12-24 13:59:00"}
{"customer_id": "C51", "basket": [{"product_id": "P39", "price": 1284}, {"product_id": "P39", "price": 497}, {"product_id": "P37", "price": 1819}], "date_of_purchase": "2018-12-24 07:42:00"}
{"customer_id": "C52", "basket": [{"product_id": "P61", "price": 442}, {"product_id": "P64", "price": 673}, {"product_id": "P63", "price": 983}], "date_of_purchase": "2018-12-24 18:23:00"}
{"customer_id": "C57", "basket": [{"product_id": "P51", "price": 1770}, {"product_id": "P53", "price": 1072}, {"product_id": "P50", "price": 1121}], "date_of_purchase": "2018-12-24 16:05:00"}
{"customer_id": "C60", "basket": [{"product_id": "P62", "price": 1770}, {"product_id": "P63", "price": 1575}], "date_of_purchase": "2018-12-24 08:20:00"}
{"customer_id": "C64", "basket": [{"product_id": "P56", "price": 643}, {"product_id": "P52", "price": 598}, {"product_id": "P60", "price": 1733}], "date_of_purchase": "2018-12-24 09:26:00"}
{"customer_id": "C68", "basket": [{"product_id": "P64", "price": 1179}], "date_of_purchase": "2018-12-24 07:35:00"}
{"customer_id": "C72", "basket": [{"product_id": "P64", "price": 965}, {"product_id": "P61", "price": 1640}], "date_of_purchase": "2018-12-24 13:58:00"}
{"customer_id": "C78", "basket": [{"product_id": "P26", "price": 1751}, {"product_id": "P24", "price": 1127}, {"product_id": "P32", "price": 244}], "date_of_purchase": "2018-12-24 11:06:00"}
{"customer_id": "C82", "basket": [{"product_id": "P63", "price": 1259}], "date_of_purchase": "2018-12-24 08:14:00"}
{"customer_id": "C91", "basket": [{"product_id": "P13", "price": 973}, {"product_id": "P15", "price": 511}, {"product_id": "P16", "price": 1305}], "date_of_purchase": "2018-12-24 09:32:00"}
{"customer_id": "C96", "basket": [{"product_id": "P25", "price": 18}, {"product_id": "P33", "price": 856}, {"product_id": "P30", "price": 193}], "date_of_purchase": "2018-12-24 22:27:00"}
{"customer_id": "C110", "basket": [{"product_id": "P35", "price": 1756}, {"product_id": "P39", "price": 1913}], "date_of_purchase": "2018-12-24 07:58:00"}
{"customer_id": "C111", "basket": [{"product_id": "P33", "price": 32}, {"product_id": "P30", "price": 453}, {"product_id": "P30", "price": 1617}], "date_of_purchase": "2018-12-24 10:11:00"}
{"customer_id": "C123", "basket": [{"product_id": "P28", "price": 1046}], "date_of_purchase": "2018-12-24 03:44:00"}
{"customer_id": "C135", "basket": [{"product_id": "P29", "price": 1105}, {"product_id": "P34", "price": 1027}, {"product_id": "P29", "price": 7}], "date_of_purchase": "2018-12-24 11:15:00"}
