{"loyalty_score":10,"product_id":"P57","product_category":"food","purchase_count":13}
{"loyalty_score":10,"product_id":"P54","product_category":"food","purchase_count":13}
{"loyalty_score":10,"product_id":"P41","product_category":"food","purchase_count":13}
{"loyalty_score":10,"product_id":"P52","product_category":"food","purchase_count":13}
{"loyalty_score":10,"product_id":"P53","product_category":"food","purchase_count":13}
{"loyalty_score":10,"product_id":"P58","product_category":"food","purchase_count":13}
{"loyalty_score":10,"product_id":"P58","product_category":"food","purchase_count":13}
{"loyalty_score":10,"product_id":"P45","product_category":"food","purchase_count":13}
{"loyalty_score":10,"product_id":"P43","product_category":"food","purchase_count":13}
{"loyalty_score":10,"product_id":"P52","product_category":"food","purchase_count":13}
{"loyalty_score":10,"product_id":"P52","product_category":"food","purchase_count":13}
{"loyalty_score":10,"product_id":"P56","product_category":"food","purchase_count":13}
{"loyalty_score":10,"product_id":"P45","product_category":"food","purchase_count":13}
