{"loyalty_score":9,"product_id":"P07","product_category":"house","purchase_count":20}
{"loyalty_score":9,"product_id":"P07","product_category":"house","purchase_count":20}
{"loyalty_score":9,"product_id":"P01","product_category":"house","purchase_count":20}
{"loyalty_score":9,"product_id":"P07","product_category":"house","purchase_count":20}
{"loyalty_score":9,"product_id":"P08","product_category":"house","purchase_count":20}
{"loyalty_score":9,"product_id":"P02","product_category":"house","purchase_count":20}
{"loyalty_score":9,"product_id":"P30","product_category":"fruit_veg","purchase_count":20}
{"loyalty_score":9,"product_id":"P26","product_category":"fruit_veg","purchase_count":20}
{"loyalty_score":9,"product_id":"P25","product_category":"fruit_veg","purchase_count":20}
{"loyalty_score":9,"product_id":"P05","product_category":"house","purchase_count":20}
{"loyalty_score":9,"product_id":"P05","product_category":"house","purchase_count":20}
{"loyalty_score":9,"product_id":"P45","product_category":"food","purchase_count":20}
{"loyalty_score":9,"product_id":"P54","product_category":"food","purchase_count":20}
{"loyalty_score":9,"product_id":"P56","product_category":"food","purchase_count":20}
{"loyalty_score":9,"product_id":"P57","product_category":"food","purchase_count":20}
{"loyalty_score":9,"product_id":"P28","product_category":"fruit_veg","purchase_count":20}
{"loyalty_score":9,"product_id":"P30","product_category":"fruit_veg","purchase_count":20}
{"loyalty_score":9,"product_id":"P22","product_category":"fruit_veg","purchase_count":20}
{"loyalty_score":9,"product_id":"P23","product_category":"fruit_veg","purchase_count":20}
{"loyalty_score":9,"product_id":"P25","product_category":"fruit_veg","purchase_count":20}
