{"loyalty_score":3,"product_id":"P38","product_category":"sweets","purchase_count":17}
{"loyalty_score":3,"product_id":"P39","product_category":"sweets","purchase_count":17}
{"loyalty_score":3,"product_id":"P24","product_category":"fruit_veg","purchase_count":17}
{"loyalty_score":3,"product_id":"P29","product_category":"fruit_veg","purchase_count":17}
{"loyalty_score":3,"product_id":"P29","product_category":"fruit_veg","purchase_count":17}
{"loyalty_score":3,"product_id":"P56","product_category":"food","purchase_count":17}
{"loyalty_score":3,"product_id":"P59","product_category":"food","purchase_count":17}
{"loyalty_score":3,"product_id":"P41","product_category":"food","purchase_count":17}
{"loyalty_score":3,"product_id":"P39","product_category":"sweets","purchase_count":17}
{"loyalty_score":3,"product_id":"P37","product_category":"sweets","purchase_count":17}
{"loyalty_score":3,"product_id":"P38","product_category":"sweets","purchase_count":17}
{"loyalty_score":3,"product_id":"P47","product_category":"food","purchase_count":17}
{"loyalty_score":3,"product_id":"P39","product_category":"sweets","purchase_count":17}
{"loyalty_score":3,"product_id":"P35","product_category":"sweets","purchase_count":17}
{"loyalty_score":3,"product_id":"P39","product_category":"sweets","purchase_count":17}
{"loyalty_score":3,"product_id":"P43","product_category":"food","purchase_count":17}
{"loyalty_score":3,"product_id":"P46","product_category":"food","purchase_count":17}
