{"loyalty_score":4,"product_id":"P31","product_category":"fruit_veg","purchase_count":9}
{"loyalty_score":4,"product_id":"P26","product_category":"fruit_veg","purchase_count":9}
{"loyalty_score":4,"product_id":"P27","product_category":"fruit_veg","purchase_count":9}
{"loyalty_score":4,"product_id":"P32","product_category":"fruit_veg","purchase_count":9}
{"loyalty_score":4,"product_id":"P34","product_category":"fruit_veg","purchase_count":9}
{"loyalty_score":4,"product_id":"P27","product_category":"fruit_veg","purchase_count":9}
{"loyalty_score":4,"product_id":"P38","product_category":"sweets","purchase_count":9}
{"loyalty_score":4,"product_id":"P26","product_category":"fruit_veg","purchase_count":9}
{"loyalty_score":4,"product_id":"P28","product_category":"fruit_veg","purchase_count":9}
