{"loyalty_score":8,"product_id":"P60","product_category":"food","purchase_count":21}
{"loyalty_score":8,"product_id":"P56","product_category":"food","purchase_count":21}
{"loyalty_score":8,"product_id":"P46","product_category":"food","purchase_count":21}
{"loyalty_score":8,"product_id":"P60","product_category":"food","purchase_count":21}
{"loyalty_score":8,"product_id":"P50","product_category":"food","purchase_count":21}
{"loyalty_score":8,"product_id":"P44","product_category":"food","purchase_count":21}
{"loyalty_score":8,"product_id":"P06","product_category":"house","purchase_count":21}
{"loyalty_score":8,"product_id":"P11","product_category":"house","purchase_count":21}
{"loyalty_score":8,"product_id":"P55","product_category":"food","purchase_count":21}
{"loyalty_score":8,"product_id":"P50","product_category":"food","purchase_count":21}
{"loyalty_score":8,"product_id":"P57","product_category":"food","purchase_count":21}
{"loyalty_score":8,"product_id":"P58","product_category":"food","purchase_count":21}
{"loyalty_score":8,"product_id":"P06","product_category":"house","purchase_count":21}
{"loyalty_score":8,"product_id":"P12","product_category":"house","purchase_count":21}
{"loyalty_score":8,"product_id":"P08","product_category":"house","purchase_count":21}
{"loyalty_score":8,"product_id":"P01","product_category":"house","purchase_count":21}
{"loyalty_score":8,"product_id":"P41","product_category":"food","purchase_count":21}
{"loyalty_score":8,"product_id":"P42","product_category":"food","purchase_count":21}
{"loyalty_score":8,"product_id":"P57","product_category":"food","purchase_count":21}
{"loyalty_score":8,"product_id":"P44","product_category":"food","purchase_count":21}
{"loyalty_score":8,"product_id":"P46","product_category":"food","purchase_count":21}
