{"loyalty_score":9,"product_id":"P61","product_category":"bws","purchase_count":31}
{"loyalty_score":9,"product_id":"P08","product_category":"house","purchase_count":31}
{"loyalty_score":9,"product_id":"P08","product_category":"house","purchase_count":31}
{"loyalty_score":9,"product_id":"P02","product_category":"house","purchase_count":31}
{"loyalty_score":9,"product_id":"P05","product_category":"house","purchase_count":31}
{"loyalty_score":9,"product_id":"P62","product_category":"bws","purchase_count":31}
{"loyalty_score":9,"product_id":"P61","product_category":"bws","purchase_count":31}
{"loyalty_score":9,"product_id":"P61","product_category":"bws","purchase_count":31}
{"loyalty_score":9,"product_id":"P63","product_category":"bws","purchase_count":31}
{"loyalty_score":9,"product_id":"P64","product_category":"bws","purchase_count":31}
{"loyalty_score":9,"product_id":"P62","product_category":"bws","purchase_count":31}
{"loyalty_score":9,"product_id":"P01","product_category":"house","purchase_count":31}
{"loyalty_score":9,"product_id":"P03","product_category":"house","purchase_count":31}
{"loyalty_score":9,"product_id":"P12","product_category":"house","purchase_count":31}
{"loyalty_score":9,"product_id":"P64","product_category":"bws","purchase_count":31}
{"loyalty_score":9,"product_id":"P11","product_category":"house","purchase_count":31}
{"loyalty_score":9,"product_id":"P12","product_category":"house","purchase_count":31}
{"loyalty_score":9,"product_id":"P05","product_category":"house","purchase_count":31}
{"loyalty_score":9,"product_id":"P03","product_category":"house","purchase_count":31}
{"loyalty_score":9,"product_id":"P49","product_category":"food","purchase_count":31}
{"loyalty_score":9,"product_id":"P50","product_category":"food","purchase_count":31}
{"loyalty_score":9,"product_id":"P63","product_category":"bws","purchase_count":31}
{"loyalty_score":9,"product_id":"P61","product_category":"bws","purchase_count":31}
{"loyalty_score":9,"product_id":"P62","product_category":"bws","purchase_count":31}
{"loyalty_score":9,"product_id":"P62","product_category":"bws","purchase_count":31}
{"loyalty_score":9,"product_id":"P64","product_category":"bws","purchase_count":31}
{"loyalty_score":9,"product_id":"P12","product_category":"house","purchase_count":31}
{"loyalty_score":9,"product_id":"P04","product_category":"house","purchase_count":31}
{"loyalty_score":9,"product_id":"P04","product_category":"house","purchase_count":31}
{"loyalty_score":9,"product_id":"P08","product_category":"house","purchase_count":31}
{"loyalty_score":9,"product_id":"P51","product_category":"food","purchase_count":31}
