{"loyalty_score":5,"product_id":"P64","product_category":"bws","purchase_count":58}
{"loyalty_score":5,"product_id":"P63","product_category":"bws","purchase_count":58}
{"loyalty_score":5,"product_id":"P61","product_category":"bws","purchase_count":58}
{"loyalty_score":5,"product_id":"P62","product_category":"bws","purchase_count":58}
{"loyalty_score":5,"product_id":"P63","product_category":"bws","purchase_count":58}
{"loyalty_score":5,"product_id":"P64","product_category":"bws","purchase_count":58}
{"loyalty_score":5,"product_id":"P13","product_category":"clothes","purchase_count":58}
{"loyalty_score":5,"product_id":"P64","product_category":"bws","purchase_count":58}
{"loyalty_score":5,"product_id":"P55","product_category":"food","purchase_count":58}
{"loyalty_score":5,"product_id":"P63","product_category":"bws","purchase_count":58}
{"loyalty_score":5,"product_id":"P64","product_category":"bws","purchase_count":58}
{"loyalty_score":5,"product_id":"P64","product_category":"bws","purchase_count":58}
{"loyalty_score":5,"product_id":"P61","product_category":"bws","purchase_count":58}
{"loyalty_score":5,"product_id":"P62","product_category":"bws","purchase_count":58}
{"loyalty_score":5,"product_id":"P63","product_category":"bws","purchase_count":58}
{"loyalty_score":5,"product_id":"P64","product_category":"bws","purchase_count":58}
{"loyalty_score":5,"product_id":"P62","product_category":"bws","purchase_count":58}
{"loyalty_score":5,"product_id":"P58","product_category":"food","purchase_count":58}
{"loyalty_score":5,"product_id":"P48","product_category":"food","purchase_count":58}
{"loyalty_score":5,"product_id":"P46","product_category":"food","purchase_count":58}
{"loyalty_score":5,"product_id":"P13","product_category":"clothes","purchase_count":58}
{"loyalty_score":5,"product_id":"P62","product_category":"bws","purchase_count":58}
{"loyalty_score":5,"product_id":"P50","product_category":"food","purchase_count":58}
{"loyalty_score":5,"product_id":"P56","product_category":"food","purchase_count":58}
{"loyalty_score":5,"product_id":"P15","product_category":"clothes","purchase_count":58}
{"loyalty_score":5,"product_id":"P21","product_category":"clothes","purchase_count":58}
{"loyalty_score":5,"product_id":"P17","product_category":"clothes","purchase_count":58}
{"loyalty_score":5,"product_id":"P58","product_category":"food","purchase_count":58}
{"loyalty_score":5,"product_id":"P41","product_category":"food","purchase_count":58}
{"loyalty_score":5,"product_id":"P62","product_category":"bws","purchase_count":58}
{"loyalty_score":5,"product_id":"P61","product_category":"bws","purchase_count":58}
{"loyalty_score":5,"product_id":"P21","product_category":"clothes","purchase_count":58}
{"loyalty_score":5,"product_id":"P14","product_category":"clothes","purchase_count":58}
{"loyalty_score":5,"product_id":"P45","product_category":"food","purchase_count":58}
{"loyalty_score":5,"product_id":"P56","product_category":"food","purchase_count":58}
{"loyalty_score":5,"product_id":"P64","product_category":"bws","purchase_count":58}
{"loyalty_score":5,"product_id":"P64","product_category":"bws","purchase_count":58}
{"loyalty_score":5,"product_id":"P63","product_category":"bws","purchase_count":58}
{"loyalty_score":5,"product_id":"P51","product_category":"food","purchase_count":58}
{"loyalty_score":5,"product_id":"P61","product_category":"bws","purchase_count":58}
{"loyalty_score":5,"product_id":"P51","product_category":"food","purchase_count":58}
{"loyalty_score":5,"product_id":"P41","product_category":"food","purchase_count":58}
{"loyalty_score":5,"product_id":"P40","product_category":"sweets","purchase_count":58}
{"loyalty_score":5,"product_id":"P36","product_category":"sweets","purchase_count":58}
{"loyalty_score":5,"product_id":"P40","product_category":"sweets","purchase_count":58}
{"loyalty_score":5,"product_id":"P36","product_category":"sweets","purchase_count":58}
{"loyalty_score":5,"product_id":"P61","product_category":"bws","purchase_count":58}
{"loyalty_score":5,"product_id":"P64","product_category":"bws","purchase_count":58}
{"loyalty_score":5,"product_id":"P62","product_category":"bws","purchase_count":58}
{"loyalty_score":5,"product_id":"P16","product_category":"clothes","purchase_count":58}
{"loyalty_score":5,"product_id":"P48","product_category":"food","purchase_count":58}
{"loyalty_score":5,"product_id":"P60","product_category":"food","purchase_count":58}
{"loyalty_score":5,"product_id":"P64","product_category":"bws","purchase_count":58}
{"loyalty_score":5,"product_id":"P64","product_category":"bws","purchase_count":58}
{"loyalty_score":5,"product_id":"P41","product_category":"food","purchase_count":58}
{"loyalty_score":5,"product_id":"P63","product_category":"bws","purchase_count":58}
{"loyalty_score":5,"product_id":"P16","product_category":"clothes","purchase_count":58}
{"loyalty_score":5,"product_id":"P15","product_category":"clothes","purchase_count":58}
