{"loyalty_score":7,"product_id":"P63","product_category":"bws","purchase_count":62}
{"loyalty_score":7,"product_id":"P64","product_category":"bws","purchase_count":62}
{"loyalty_score":7,"product_id":"P48","product_category":"food","purchase_count":62}
{"loyalty_score":7,"product_id":"P51","product_category":"food","purchase_count":62}
{"loyalty_score":7,"product_id":"P52","product_category":"food","purchase_count":62}
{"loyalty_score":7,"product_id":"P37","product_category":"sweets","purchase_count":62}
{"loyalty_score":7,"product_id":"P36","product_category":"sweets","purchase_count":62}
{"loyalty_score":7,"product_id":"P36","product_category":"sweets","purchase_count":62}
{"loyalty_score":7,"product_id":"P39","product_category":"sweets","purchase_count":62}
{"loyalty_score":7,"product_id":"P35","product_category":"sweets","purchase_count":62}
{"loyalty_score":7,"product_id":"P36","product_category":"sweets","purchase_count":62}
{"loyalty_score":7,"product_id":"P37","product_category":"sweets","purchase_count":62}
{"loyalty_score":7,"product_id":"P35","product_category":"sweets","purchase_count":62}
{"loyalty_score":7,"product_id":"P35","product_category":"sweets","purchase_count":62}
{"loyalty_score":7,"product_id":"P40","product_category":"sweets","purchase_count":62}
{"loyalty_score":7,"product_id":"P39","product_category":"sweets","purchase_count":62}
{"loyalty_score":7,"product_id":"P40","product_category":"sweets","purchase_count":62}
{"loyalty_score":7,"product_id":"P64","product_category":"bws","purchase_count":62}
{"loyalty_score":7,"product_id":"P62","product_category":"bws","purchase_count":62}
{"loyalty_score":7,"product_id":"P51","product_category":"food","purchase_count":62}
{"loyalty_score":7,"product_id":"P57","product_category":"food","purchase_count":62}
{"loyalty_score":7,"product_id":"P55","product_category":"food","purchase_count":62}
{"loyalty_score":7,"product_id":"P53","product_category":"food","purchase_count":62}
{"loyalty_score":7,"product_id":"P62","product_category":"bws","purchase_count":62}
{"loyalty_score":7,"product_id":"P37","product_category":"sweets","purchase_count":62}
{"loyalty_score":7,"product_id":"P63","product_category":"bws","purchase_count":62}
{"loyalty_score":7,"product_id":"P63","product_category":"bws","purchase_count":62}
{"loyalty_score":7,"product_id":"P39","product_category":"sweets","purchase_count":62}
{"loyalty_score":7,"product_id":"P36","product_category":"sweets","purchase_count":62}
{"loyalty_score":7,"product_id":"P40","product_category":"sweets","purchase_count":62}
{"loyalty_score":7,"product_id":"P53","product_category":"food","purchase_count":62}
{"loyalty_score":7,"product_id":"P49","product_category":"food","purchase_count":62}
{"loyalty_score":7,"product_id":"P39","product_category":"sweets","purchase_count":62}
{"loyalty_score":7,"product_id":"P37","product_category":"sweets","purchase_count":62}
{"loyalty_score":7,"product_id":"P36","product_category":"sweets","purchase_count":62}
{"loyalty_score":7,"product_id":"P52","product_category":"food","purchase_count":62}
{"loyalty_score":7,"product_id":"P44","product_category":"food","purchase_count":62}
{"loyalty_score":7,"product_id":"P62","product_category":"bws","purchase_count":62}
{"loyalty_score":7,"product_id":"P40","product_category":"sweets","purchase_count":62}
{"loyalty_score":7,"product_id":"P36","product_category":"sweets","purchase_count":62}
{"loyalty_score":7,"product_id":"P59","product_category":"food","purchase_count":62}
{"loyalty_score":7,"product_id":"P58","product_category":"food","purchase_count":62}
{"loyalty_score":7,"product_id":"P63","product_category":"bws","purchase_count":62}
{"loyalty_score":7,"product_id":"P63","product_category":"bws","purchase_count":62}
{"loyalty_score":7,"product_id":"P62","product_category":"bws","purchase_count":62}
{"loyalty_score":7,"product_id":"P40","product_category":"sweets","purchase_count":62}
{"loyalty_score":7,"product_id":"P35","product_category":"sweets","purchase_count":62}
{"loyalty_score":7,"product_id":"P39","product_category":"sweets","purchase_count":62}
{"loyalty_score":7,"product_id":"P38","product_category":"sweets","purchase_count":62}
{"loyalty_score":7,"product_id":"P38","product_category":"sweets","purchase_count":62}
{"loyalty_score":7,"product_id":"P39","product_category":"sweets","purchase_count":62}
{"loyalty_score":7,"product_id":"P40","product_category":"sweets","purchase_count":62}
{"loyalty_score":7,"product_id":"P62","product_category":"bws","purchase_count":62}
{"loyalty_score":7,"product_id":"P54","product_category":"food","purchase_count":62}
{"loyalty_score":7,"product_id":"P38","product_category":"sweets","purchase_count":62}
{"loyalty_score":7,"product_id":"P38","product_category":"sweets","purchase_count":62}
{"loyalty_score":7,"product_id":"P40","product_category":"sweets","purchase_count":62}
{"loyalty_score":7,"product_id":"P39","product_category":"sweets","purchase_count":62}
{"loyalty_score":7,"product_id":"P38","product_category":"sweets","purchase_count":62}
{"loyalty_score":7,"product_id":"P36","product_category":"sweets","purchase_count":62}
{"loyalty_score":7,"product_id":"P39","product_category":"sweets","purchase_count":62}
{"loyalty_score":7,"product_id":"P39","product_category":"sweets","purchase_count":62}
