{"customer_id": "C1", "basket": [{"product_id": "P57", "price": 710}, {"product_id": "P52", "price": 580}], "date_of_purchase": "2019-01-17 08:22:00"}
{"customer_id": "C13", "basket": [{"product_id": "P26", "price": 1302}], "date_of_purchase": "2019-01-17 10:31:00"}
{"customer_id": "C20", "basket": [{"product_id": "P45", "price": 241}], "date_of_purchase": "2019-01-17 21:06:00"}
{"customer_id": "C22", "basket": [{"product_id": "P63", "price": 1240}, {"product_id": "P64", "price": 1185}, {"product_id": "P64", "price": 766}], "date_of_purchase": "2019-01-17 02:49:00"}
{"customer_id": "C23", "basket": [{"product_id": "P38", "price": 58}], "date_of_purchase": "2019-01-17 04:39:00"}
{"customer_id": "C33", "basket": [{"product_id": "P62", "price": 1440}, {"product_id": "P64", "price": 920}, {"product_id": "P61", "price": 1319}], "date_of_purchase": "2019-01-17 09:13:00"}
{"customer_id": "C36", "basket": [{"product_id": "P09", "price": 1953}, {"product_id": "P09", "price": 1578}], "date_of_purchase": "2019-01-17 21:57:00"}
{"customer_id": "C39", "basket": [{"product_id": "P56", "price": 698}], "date_of_purchase": "2019-01-17 20:38:00"}
{"customer_id": "C40", "basket": [{"product_id": "P42", "price": 151}], "date_of_purchase": "2019-01-17 23:08:00"}
{"customer_id": "C44", "basket": [{"product_id": "P15", "price": 341}, {"product_id": "P17", "price": 242}], "date_of_purchase": "2019-01-17 12:08:00"}
{"customer_id": "C49", "basket": [{"product_id": "P09", "price": 667}, {"product_id": "P09", "price": 1326}], "date_of_purchase": "2019-01-17 05:29:00"}
{"customer_id": "C54", "basket": [{"product_id": "P25", "price": 1588}, {"product_id": "P24", "price": 1440}, {"product_id": "P23", "price": 562}], "date_of_purchase": "2019-01-17 04:45:00"}
{"customer_id": "C61", "basket": [{"product_id": "P29", "price": 281}], "date_of_purchase": "2019-01-17 20:03:00"}
{"customer_id": "C64", "basket": [{"product_id": "P05", "price": 404}, {"product_id": "P03", "price": 1480}, {"product_id": "P07", "price": 1044}], "date_of_purchase": "2019-01-17 18:28:00"}
{"customer_id": "C70", "basket": [{"product_id": "P55", "price": 1256}, {"product_id": "P59", "price": 1666}, {"product_id": "P43", "price": 1530}], "date_of_purchase": "2019-01-17 18:22:00"}
{"customer_id": "C71", "basket": [{"product_id": "P64", "price": 914}], "date_of_purchase": "2019-01-17 21:04:00"}
{"customer_id": "C72", "basket": [{"product_id": "P63", "price": 840}, {"product_id": "P63", "price": 638}], "date_of_purchase": "2019-01-17 22:10:00"}
{"customer_id": "C78", "basket": [{"product_id": "P26", "price": 313}, {"product_id": "P25", "price": 747}], "date_of_purchase": "2019-01-17 20:22:00"}
{"customer_id": "C88", "basket": [{"product_id": "P40", "price": 67}, {"product_id": "P39", "price": 571}, {"product_id": "P38", "price": 230}], "date_of_purchase": "2019-01-17 09:41:00"}
{"customer_id": "C89", "basket": [{"product_id": "P25", "price": 1302}, {"product_id": "P27", "price": 1086}, {"product_id": "P30", "price": 1952}], "date_of_purchase": "2019-01-17 17:18:00"}
{"customer_id": "C97", "basket": [{"product_id": "P08", "price": 269}, {"product_id": "P04", "price": 1530}], "date_of_purchase": "2019-01-17 22:54:00"}
{"customer_id": "C100", "basket": [{"product_id": "P35", "price": 465}, {"product_id": "P36", "price": 499}, {"product_id": "P40", "price": 54}], "date_of_purchase": "2019-01-17 18:25:00"}
{"customer_id": "C101", "basket": [{"product_id": "P23", "price": 1449}, {"product_id": "P27", "price": 1358}], "date_of_purchase": "2019-01-17 06:33:00"}
{"customer_id": "C103", "basket": [{"product_id": "P37", "price": 961}, {"product_id": "P38", "price": 942}, {"product_id": "P35", "price": 1850}], "date_of_purchase": "2019-01-17 19:26:00"}
{"customer_id": "C108", "basket": [{"product_id": "P03", "price": 852}, {"product_id": "P06", "price": 528}], "date_of_purchase": "2019-01-17 23:13:00"}
{"customer_id": "C111", "basket": [{"product_id": "P27", "price": 1092}, {"product_id": "P28", "price": 811}, {"product_id": "P28", "price": 1572}], "date_of_purchase": "2019-01-17 04:23:00"}
{"customer_id": "C116", "basket": [{"product_id": "P10", "price": 1706}, {"product_id": "P10", "price": 1900}], "date_of_purchase": "2019-01-17 23:17:00"}
{"customer_id": "C124", "basket": [{"product_id": "P40", "price": 136}, {"product_id": "P40", "price": 1077}], "date_of_purchase": "2019-01-17 15:10:00"}
{"customer_id": "C125", "basket": [{"product_id": "P10", "price": 1741}], "date_of_purchase": "2019-01-17 19:24:00"}
{"customer_id": "C126", "basket": [{"product_id": "P05", "price": 1048}], "date_of_purchase": "2019-01-17 07:12:00"}
{"customer_id": "C132", "basket": [{"product_id": "P54", "price": 330}], "date_of_purchase": "2019-01-17 07:15:00"}
