{"loyalty_score":2,"product_id":"P02","product_category":"house","purchase_count":13}
{"loyalty_score":2,"product_id":"P02","product_category":"house","purchase_count":13}
{"loyalty_score":2,"product_id":"P55","product_category":"food","purchase_count":13}
{"loyalty_score":2,"product_id":"P52","product_category":"food","purchase_count":13}
{"loyalty_score":2,"product_id":"P59","product_category":"food","purchase_count":13}
{"loyalty_score":2,"product_id":"P44","product_category":"food","purchase_count":13}
{"loyalty_score":2,"product_id":"P04","product_category":"house","purchase_count":13}
{"loyalty_score":2,"product_id":"P03","product_category":"house","purchase_count":13}
{"loyalty_score":2,"product_id":"P07","product_category":"house","purchase_count":13}
{"loyalty_score":2,"product_id":"P57","product_category":"food","purchase_count":13}
{"loyalty_score":2,"product_id":"P43","product_category":"food","purchase_count":13}
{"loyalty_score":2,"product_id":"P59","product_category":"food","purchase_count":13}
{"loyalty_score":2,"product_id":"P50","product_category":"food","purchase_count":13}
