{"loyalty_score":5,"product_id":"P42","product_category":"food","purchase_count":59}
{"loyalty_score":5,"product_id":"P44","product_category":"food","purchase_count":59}
{"loyalty_score":5,"product_id":"P46","product_category":"food","purchase_count":59}
{"loyalty_score":5,"product_id":"P10","product_category":"house","purchase_count":59}
{"loyalty_score":5,"product_id":"P01","product_category":"house","purchase_count":59}
{"loyalty_score":5,"product_id":"P55","product_category":"food","purchase_count":59}
{"loyalty_score":5,"product_id":"P63","product_category":"bws","purchase_count":59}
{"loyalty_score":5,"product_id":"P62","product_category":"bws","purchase_count":59}
{"loyalty_score":5,"product_id":"P01","product_category":"house","purchase_count":59}
{"loyalty_score":5,"product_id":"P10","product_category":"house","purchase_count":59}
{"loyalty_score":5,"product_id":"P04","product_category":"house","purchase_count":59}
{"loyalty_score":5,"product_id":"P62","product_category":"bws","purchase_count":59}
{"loyalty_score":5,"product_id":"P64","product_category":"bws","purchase_count":59}
{"loyalty_score":5,"product_id":"P08","product_category":"house","purchase_count":59}
{"loyalty_score":5,"product_id":"P49","product_category":"food","purchase_count":59}
{"loyalty_score":5,"product_id":"P42","product_category":"food","purchase_count":59}
{"loyalty_score":5,"product_id":"P47","product_category":"food","purchase_count":59}
{"loyalty_score":5,"product_id":"P05","product_category":"house","purchase_count":59}
{"loyalty_score":5,"product_id":"P06","product_category":"house","purchase_count":59}
{"loyalty_score":5,"product_id":"P61","product_category":"bws","purchase_count":59}
{"loyalty_score":5,"product_id":"P63","product_category":"bws","purchase_count":59}
{"loyalty_score":5,"product_id":"P62","product_category":"bws","purchase_count":59}
{"loyalty_score":5,"product_id":"P09","product_category":"house","purchase_count":59}
{"loyalty_score":5,"product_id":"P45","product_category":"food","purchase_count":59}
{"loyalty_score":5,"product_id":"P55","product_category":"food","purchase_count":59}
{"loyalty_score":5,"product_id":"P44","product_category":"food","purchase_count":59}
{"loyalty_score":5,"product_id":"P10","product_category":"house","purchase_count":59}
{"loyalty_score":5,"product_id":"P57","product_category":"food","purchase_count":59}
{"loyalty_score":5,"product_id":"P12","product_category":"house","purchase_count":59}
{"loyalty_score":5,"product_id":"P09","product_category":"house","purchase_count":59}
{"loyalty_score":5,"product_id":"P12","product_category":"house","purchase_count":59}
{"loyalty_score":5,"product_id":"P09","product_category":"house","purchase_count":59}
{"loyalty_score":5,"product_id":"P44","product_category":"food","purchase_count":59}
{"loyalty_score":5,"product_id":"P58","product_category":"food","purchase_count":59}
{"loyalty_score":5,"product_id":"P56","product_category":"food","purchase_count":59}
{"loyalty_score":5,"product_id":"P06","product_category":"house","purchase_count":59}
{"loyalty_score":5,"product_id":"P02","product_category":"house","purchase_count":59}
{"loyalty_score":5,"product_id":"P07","product_category":"house","purchase_count":59}
{"loyalty_score":5,"product_id":"P05","product_category":"house","purchase_count":59}
{"loyalty_score":5,"product_id":"P12","product_category":"house","purchase_count":59}
{"loyalty_score":5,"product_id":"P03","product_category":"house","purchase_count":59}
{"loyalty_score":5,"product_id":"P45","product_category":"food","purchase_count":59}
{"loyalty_score":5,"product_id":"P48","product_category":"food","purchase_count":59}
{"loyalty_score":5,"product_id":"P57","product_category":"food","purchase_count":59}
{"loyalty_score":5,"product_id":"P54","product_category":"food","purchase_count":59}
{"loyalty_score":5,"product_id":"P61","product_category":"bws","purchase_count":59}
{"loyalty_score":5,"product_id":"P11","product_category":"house","purchase_count":59}
{"loyalty_score":5,"product_id":"P09","product_category":"house","purchase_count":59}
{"loyalty_score":5,"product_id":"P08","product_category":"house","purchase_count":59}
{"loyalty_score":5,"product_id":"P44","product_category":"food","purchase_count":59}
{"loyalty_score":5,"product_id":"P10","product_category":"house","purchase_count":59}
{"loyalty_score":5,"product_id":"P10","product_category":"house","purchase_count":59}
{"loyalty_score":5,"product_id":"P57","product_category":"food","purchase_count":59}
{"loyalty_score":5,"product_id":"P53","product_category":"food","purchase_count":59}
{"loyalty_score":5,"product_id":"P04","product_category":"house","purchase_count":59}
{"loyalty_score":5,"product_id":"P03","product_category":"house","purchase_count":59}
{"loyalty_score":5,"product_id":"P03","product_category":"house","purchase_count":59}
{"loyalty_score":5,"product_id":"P03","product_category":"house","purchase_count":59}
{"loyalty_score":5,"product_id":"P11","product_category":"house","purchase_count":59}
