{"loyalty_score":9,"product_id":"P08","product_category":"house","purchase_count":62}
{"loyalty_score":9,"product_id":"P02","product_category":"house","purchase_count":62}
{"loyalty_score":9,"product_id":"P05","product_category":"house","purchase_count":62}
{"loyalty_score":9,"product_id":"P12","product_category":"house","purchase_count":62}
{"loyalty_score":9,"product_id":"P26","product_category":"fruit_veg","purchase_count":62}
{"loyalty_score":9,"product_id":"P07","product_category":"house","purchase_count":62}
{"loyalty_score":9,"product_id":"P09","product_category":"house","purchase_count":62}
{"loyalty_score":9,"product_id":"P24","product_category":"fruit_veg","purchase_count":62}
{"loyalty_score":9,"product_id":"P30","product_category":"fruit_veg","purchase_count":62}
{"loyalty_score":9,"product_id":"P22","product_category":"fruit_veg","purchase_count":62}
{"loyalty_score":9,"product_id":"P22","product_category":"fruit_veg","purchase_count":62}
{"loyalty_score":9,"product_id":"P23","product_category":"fruit_veg","purchase_count":62}
{"loyalty_score":9,"product_id":"P02","product_category":"house","purchase_count":62}
{"loyalty_score":9,"product_id":"P02","product_category":"house","purchase_count":62}
{"loyalty_score":9,"product_id":"P03","product_category":"house","purchase_count":62}
{"loyalty_score":9,"product_id":"P05","product_category":"house","purchase_count":62}
{"loyalty_score":9,"product_id":"P04","product_category":"house","purchase_count":62}
{"loyalty_score":9,"product_id":"P32","product_category":"fruit_veg","purchase_count":62}
{"loyalty_score":9,"product_id":"P32","product_category":"fruit_veg","purchase_count":62}
{"loyalty_score":9,"product_id":"P10","product_category":"house","purchase_count":62}
{"loyalty_score":9,"product_id":"P01","product_category":"house","purchase_count":62}
{"loyalty_score":9,"product_id":"P23","product_category":"fruit_veg","purchase_count":62}
{"loyalty_score":9,"product_id":"P30","product_category":"fruit_veg","purchase_count":62}
{"loyalty_score":9,"product_id":"P05","product_category":"house","purchase_count":62}
{"loyalty_score":9,"product_id":"P10","product_category":"house","purchase_count":62}
{"loyalty_score":9,"product_id":"P04","product_category":"house","purchase_count":62}
{"loyalty_score":9,"product_id":"P31","product_category":"fruit_veg","purchase_count":62}
{"loyalty_score":9,"product_id":"P25","product_category":"fruit_veg","purchase_count":62}
{"loyalty_score":9,"product_id":"P28","product_category":"fruit_veg","purchase_count":62}
{"loyalty_score":9,"product_id":"P25","product_category":"fruit_veg","purchase_count":62}
{"loyalty_score":9,"product_id":"P23","product_category":"fruit_veg","purchase_count":62}
{"loyalty_score":9,"product_id":"P33","product_category":"fruit_veg","purchase_count":62}
{"loyalty_score":9,"product_id":"P31","product_category":"fruit_veg","purchase_count":62}
{"loyalty_score":9,"product_id":"P29","product_category":"fruit_veg","purchase_count":62}
{"loyalty_score":9,"product_id":"P22","product_category":"fruit_veg","purchase_count":62}
{"loyalty_score":9,"product_id":"P23","product_category":"fruit_veg","purchase_count":62}
{"loyalty_score":9,"product_id":"P26","product_category":"fruit_veg","purchase_count":62}
{"loyalty_score":9,"product_id":"P23","product_category":"fruit_veg","purchase_count":62}
{"loyalty_score":9,"product_id":"P02","product_category":"house","purchase_count":62}
{"loyalty_score":9,"product_id":"P11","product_category":"house","purchase_count":62}
{"loyalty_score":9,"product_id":"P06","product_category":"house","purchase_count":62}
{"loyalty_score":9,"product_id":"P08","product_category":"house","purchase_count":62}
{"loyalty_score":9,"product_id":"P05","product_category":"house","purchase_count":62}
{"loyalty_score":9,"product_id":"P04","product_category":"house","purchase_count":62}
{"loyalty_score":9,"product_id":"P08","product_category":"house","purchase_count":62}
{"loyalty_score":9,"product_id":"P06","product_category":"house","purchase_count":62}
{"loyalty_score":9,"product_id":"P28","product_category":"fruit_veg","purchase_count":62}
{"loyalty_score":9,"product_id":"P22","product_category":"fruit_veg","purchase_count":62}
{"loyalty_score":9,"product_id":"P07","product_category":"house","purchase_count":62}
{"loyalty_score":9,"product_id":"P10","product_category":"house","purchase_count":62}
{"loyalty_score":9,"product_id":"P07","product_category":"house","purchase_count":62}
{"loyalty_score":9,"product_id":"P12","product_category":"house","purchase_count":62}
{"loyalty_score":9,"product_id":"P23","product_category":"fruit_veg","purchase_count":62}
{"loyalty_score":9,"product_id":"P24","product_category":"fruit_veg","purchase_count":62}
{"loyalty_score":9,"product_id":"P22","product_category":"fruit_veg","purchase_count":62}
{"loyalty_score":9,"product_id":"P26","product_category":"fruit_veg","purchase_count":62}
{"loyalty_score":9,"product_id":"P34","product_category":"fruit_veg","purchase_count":62}
{"loyalty_score":9,"product_id":"P07","product_category":"house","purchase_count":62}
{"loyalty_score":9,"product_id":"P25","product_category":"fruit_veg","purchase_count":62}
{"loyalty_score":9,"product_id":"P07","product_category":"house","purchase_count":62}
{"loyalty_score":9,"product_id":"P12","product_category":"house","purchase_count":62}
{"loyalty_score":9,"product_id":"P02","product_category":"house","purchase_count":62}
