{"customer_id": "C2", "basket": [{"product_id": "P38", "price": 1030}, {"product_id": "P37", "price": 1088}, {"product_id": "P36", "price": 380}], "date_of_purchase": "2019-02-09 19:20:00"}
{"customer_id": "C6", "basket": [{"product_id": "P27", "price": 636}], "date_of_purchase": "2019-02-09 09:34:00"}
{"customer_id": "C11", "basket": [{"product_id": "P57", "price": 827}, {"product_id": "P59", "price": 1652}], "date_of_purchase": "2019-02-09 08:25:00"}
{"customer_id": "C30", "basket": [{"product_id": "P39", "price": 1726}, {"product_id": "P35", "price": 1339}, {"product_id": "P38", "price": 1656}], "date_of_purchase": "2019-02-09 13:00:00"}
{"customer_id": "C33", "basket": [{"product_id": "P61", "price": 19}], "date_of_purchase": "2019-02-09 13:29:00"}
{"customer_id": "C37", "basket": [{"product_id": "P24", "price": 75}, {"product_id": "P23", "price": 1524}], "date_of_purchase": "2019-02-09 16:21:00"}
{"customer_id": "C40", "basket": [{"product_id": "P45", "price": 1402}], "date_of_purchase": "2019-02-09 16:18:00"}
{"customer_id": "C45", "basket": [{"product_id": "P37", "price": 869}, {"product_id": "P36", "price": 317}, {"product_id": "P40", "price": 1776}], "date_of_purchase": "2019-02-09 05:30:00"}
{"customer_id": "C48", "basket": [{"product_id": "P25", "price": 346}, {"product_id": "P23", "price": 797}], "date_of_purchase": "2019-02-09 07:55:00"}
{"customer_id": "C49", "basket": [{"product_id": "P04", "price": 868}], "date_of_purchase": "2019-02-09 10:30:00"}
{"customer_id": "C52", "basket": [{"product_id": "P64", "price": 274}, {"product_id": "P61", "price": 1180}, {"product_id": "P64", "price": 1636}], "date_of_purchase": "2019-02-09 11:44:00"}
{"customer_id": "C54", "basket": [{"product_id": "P28", "price": 621}, {"product_id": "P32", "price": 440}, {"product_id": "P29", "price": 1925}], "date_of_purchase": "2019-02-09 10:25:00"}
{"customer_id": "C61", "basket": [{"product_id": "P34", "price": 1391}, {"product_id": "P31", "price": 115}], "date_of_purchase": "2019-02-09 23:55:00"}
{"customer_id": "C63", "basket": [{"product_id": "P26", "price": 293}, {"product_id": "P31", "price": 1878}, {"product_id": "P26", "price": 1448}], "date_of_purchase": "2019-02-09 12:29:00"}
{"customer_id": "C67", "basket": [{"product_id": "P01", "price": 1638}, {"product_id": "P09", "price": 1373}], "date_of_purchase": "2019-02-09 14:00:00"}
{"customer_id": "C70", "basket": [{"product_id": "P52", "price": 606}, {"product_id": "P41", "price": 1313}, {"product_id": "P45", "price": 1479}], "date_of_purchase": "2019-02-09 15:26:00"}
{"customer_id": "C75", "basket": [{"product_id": "P34", "price": 618}, {"product_id": "P23", "price": 930}], "date_of_purchase": "2019-02-09 08:04:00"}
{"customer_id": "C90", "basket": [{"product_id": "P25", "price": 654}, {"product_id": "P29", "price": 279}, {"product_id": "P29", "price": 568}], "date_of_purchase": "2019-02-09 12:26:00"}
{"customer_id": "C95", "basket": [{"product_id": "P24", "price": 1334}, {"product_id": "P34", "price": 162}], "date_of_purchase": "2019-02-09 08:41:00"}
{"customer_id": "C100", "basket": [{"product_id": "P37", "price": 408}, {"product_id": "P39", "price": 647}, {"product_id": "P36", "price": 380}], "date_of_purchase": "2019-02-09 10:05:00"}
{"customer_id": "C111", "basket": [{"product_id": "P28", "price": 835}], "date_of_purchase": "2019-02-09 05:22:00"}
{"customer_id": "C115", "basket": [{"product_id": "P36", "price": 1895}], "date_of_purchase": "2019-02-09 10:31:00"}
{"customer_id": "C117", "basket": [{"product_id": "P52", "price": 514}, {"product_id": "P53", "price": 1890}], "date_of_purchase": "2019-02-09 03:54:00"}
{"customer_id": "C123", "basket": [{"product_id": "P26", "price": 1755}, {"product_id": "P28", "price": 1511}, {"product_id": "P30", "price": 1993}], "date_of_purchase": "2019-02-09 06:29:00"}
{"customer_id": "C125", "basket": [{"product_id": "P21", "price": 75}, {"product_id": "P17", "price": 1167}], "date_of_purchase": "2019-02-09 10:48:00"}
{"customer_id": "C129", "basket": [{"product_id": "P33", "price": 551}], "date_of_purchase": "2019-02-09 11:21:00"}
{"customer_id": "C131", "basket": [{"product_id": "P21", "price": 1366}], "date_of_purchase": "2019-02-09 16:05:00"}
{"customer_id": "C134", "basket": [{"product_id": "P55", "price": 1335}, {"product_id": "P53", "price": 1849}], "date_of_purchase": "2019-02-09 13:01:00"}
{"customer_id": "C137", "basket": [{"product_id": "P01", "price": 1158}], "date_of_purchase": "2019-02-09 20:02:00"}
