{"loyalty_score":9,"product_id":"P52","product_category":"food","purchase_count":23}
{"loyalty_score":9,"product_id":"P44","product_category":"food","purchase_count":23}
{"loyalty_score":9,"product_id":"P59","product_category":"food","purchase_count":23}
{"loyalty_score":9,"product_id":"P47","product_category":"food","purchase_count":23}
{"loyalty_score":9,"product_id":"P64","product_category":"bws","purchase_count":23}
{"loyalty_score":9,"product_id":"P62","product_category":"bws","purchase_count":23}
{"loyalty_score":9,"product_id":"P59","product_category":"food","purchase_count":23}
{"loyalty_score":9,"product_id":"P49","product_category":"food","purchase_count":23}
{"loyalty_score":9,"product_id":"P58","product_category":"food","purchase_count":23}
{"loyalty_score":9,"product_id":"P46","product_category":"food","purchase_count":23}
{"loyalty_score":9,"product_id":"P51","product_category":"food","purchase_count":23}
{"loyalty_score":9,"product_id":"P47","product_category":"food","purchase_count":23}
{"loyalty_score":9,"product_id":"P62","product_category":"bws","purchase_count":23}
{"loyalty_score":9,"product_id":"P64","product_category":"bws","purchase_count":23}
{"loyalty_score":9,"product_id":"P64","product_category":"bws","purchase_count":23}
{"loyalty_score":9,"product_id":"P61","product_category":"bws","purchase_count":23}
{"loyalty_score":9,"product_id":"P64","product_category":"bws","purchase_count":23}
{"loyalty_score":9,"product_id":"P38","product_category":"sweets","purchase_count":23}
{"loyalty_score":9,"product_id":"P38","product_category":"sweets","purchase_count":23}
{"loyalty_score":9,"product_id":"P37","product_category":"sweets","purchase_count":23}
{"loyalty_score":9,"product_id":"P63","product_category":"bws","purchase_count":23}
{"loyalty_score":9,"product_id":"P61","product_category":"bws","purchase_count":23}
{"loyalty_score":9,"product_id":"P63","product_category":"bws","purchase_count":23}
