{"loyalty_score":4,"product_id":"P04","product_category":"house","purchase_count":10}
{"loyalty_score":4,"product_id":"P04","product_category":"house","purchase_count":10}
{"loyalty_score":4,"product_id":"P06","product_category":"house","purchase_count":10}
{"loyalty_score":4,"product_id":"P01","product_category":"house","purchase_count":10}
{"loyalty_score":4,"product_id":"P03","product_category":"house","purchase_count":10}
{"loyalty_score":4,"product_id":"P08","product_category":"house","purchase_count":10}
{"loyalty_score":4,"product_id":"P12","product_category":"house","purchase_count":10}
{"loyalty_score":4,"product_id":"P09","product_category":"house","purchase_count":10}
{"loyalty_score":4,"product_id":"P10","product_category":"house","purchase_count":10}
{"loyalty_score":4,"product_id":"P01","product_category":"house","purchase_count":10}
