{"loyalty_score":8,"product_id":"P63","product_category":"bws","purchase_count":21}
{"loyalty_score":8,"product_id":"P62","product_category":"bws","purchase_count":21}
{"loyalty_score":8,"product_id":"P47","product_category":"food","purchase_count":21}
{"loyalty_score":8,"product_id":"P41","product_category":"food","purchase_count":21}
{"loyalty_score":8,"product_id":"P41","product_category":"food","purchase_count":21}
{"loyalty_score":8,"product_id":"P22","product_category":"fruit_veg","purchase_count":21}
{"loyalty_score":8,"product_id":"P30","product_category":"fruit_veg","purchase_count":21}
{"loyalty_score":8,"product_id":"P23","product_category":"fruit_veg","purchase_count":21}
{"loyalty_score":8,"product_id":"P31","product_category":"fruit_veg","purchase_count":21}
{"loyalty_score":8,"product_id":"P24","product_category":"fruit_veg","purchase_count":21}
{"loyalty_score":8,"product_id":"P24","product_category":"fruit_veg","purchase_count":21}
{"loyalty_score":8,"product_id":"P32","product_category":"fruit_veg","purchase_count":21}
{"loyalty_score":8,"product_id":"P33","product_category":"fruit_veg","purchase_count":21}
{"loyalty_score":8,"product_id":"P27","product_category":"fruit_veg","purchase_count":21}
{"loyalty_score":8,"product_id":"P48","product_category":"food","purchase_count":21}
{"loyalty_score":8,"product_id":"P57","product_category":"food","purchase_count":21}
{"loyalty_score":8,"product_id":"P28","product_category":"fruit_veg","purchase_count":21}
{"loyalty_score":8,"product_id":"P64","product_category":"bws","purchase_count":21}
{"loyalty_score":8,"product_id":"P33","product_category":"fruit_veg","purchase_count":21}
{"loyalty_score":8,"product_id":"P24","product_category":"fruit_veg","purchase_count":21}
{"loyalty_score":8,"product_id":"P26","product_category":"fruit_veg","purchase_count":21}
