{"loyalty_score":4,"product_id":"P54","product_category":"food","purchase_count":34}
{"loyalty_score":4,"product_id":"P49","product_category":"food","purchase_count":34}
{"loyalty_score":4,"product_id":"P47","product_category":"food","purchase_count":34}
{"loyalty_score":4,"product_id":"P55","product_category":"food","purchase_count":34}
{"loyalty_score":4,"product_id":"P59","product_category":"food","purchase_count":34}
{"loyalty_score":4,"product_id":"P58","product_category":"food","purchase_count":34}
{"loyalty_score":4,"product_id":"P59","product_category":"food","purchase_count":34}
{"loyalty_score":4,"product_id":"P05","product_category":"house","purchase_count":34}
{"loyalty_score":4,"product_id":"P23","product_category":"fruit_veg","purchase_count":34}
{"loyalty_score":4,"product_id":"P26","product_category":"fruit_veg","purchase_count":34}
{"loyalty_score":4,"product_id":"P28","product_category":"fruit_veg","purchase_count":34}
{"loyalty_score":4,"product_id":"P58","product_category":"food","purchase_count":34}
{"loyalty_score":4,"product_id":"P60","product_category":"food","purchase_count":34}
{"loyalty_score":4,"product_id":"P59","product_category":"food","purchase_count":34}
{"loyalty_score":4,"product_id":"P51","product_category":"food","purchase_count":34}
{"loyalty_score":4,"product_id":"P50","product_category":"food","purchase_count":34}
{"loyalty_score":4,"product_id":"P46","product_category":"food","purchase_count":34}
{"loyalty_score":4,"product_id":"P06","product_category":"house","purchase_count":34}
{"loyalty_score":4,"product_id":"P03","product_category":"house","purchase_count":34}
{"loyalty_score":4,"product_id":"P54","product_category":"food","purchase_count":34}
{"loyalty_score":4,"product_id":"P58","product_category":"food","purchase_count":34}
{"loyalty_score":4,"product_id":"P01","product_category":"house","purchase_count":34}
{"loyalty_score":4,"product_id":"P10","product_category":"house","purchase_count":34}
{"loyalty_score":4,"product_id":"P04","product_category":"house","purchase_count":34}
{"loyalty_score":4,"product_id":"P32","product_category":"fruit_veg","purchase_count":34}
{"loyalty_score":4,"product_id":"P57","product_category":"food","purchase_count":34}
{"loyalty_score":4,"product_id":"P60","product_category":"food","purchase_count":34}
{"loyalty_score":4,"product_id":"P44","product_category":"food","purchase_count":34}
{"loyalty_score":4,"product_id":"P42","product_category":"food","purchase_count":34}
{"loyalty_score":4,"product_id":"P12","product_category":"house","purchase_count":34}
{"loyalty_score":4,"product_id":"P05","product_category":"house","purchase_count":34}
{"loyalty_score":4,"product_id":"P27","product_category":"fruit_veg","purchase_count":34}
{"loyalty_score":4,"product_id":"P26","product_category":"fruit_veg","purchase_count":34}
{"loyalty_score":4,"product_id":"P22","product_category":"fruit_veg","purchase_count":34}
