{"loyalty_score":8,"product_id":"P06","product_category":"house","purchase_count":58}
{"loyalty_score":8,"product_id":"P04","product_category":"house","purchase_count":58}
{"loyalty_score":8,"product_id":"P09","product_category":"house","purchase_count":58}
{"loyalty_score":8,"product_id":"P11","product_category":"house","purchase_count":58}
{"loyalty_score":8,"product_id":"P02","product_category":"house","purchase_count":58}
{"loyalty_score":8,"product_id":"P06","product_category":"house","purchase_count":58}
{"loyalty_score":8,"product_id":"P03","product_category":"house","purchase_count":58}
{"loyalty_score":8,"product_id":"P09","product_category":"house","purchase_count":58}
{"loyalty_score":8,"product_id":"P06","product_category":"house","purchase_count":58}
{"loyalty_score":8,"product_id":"P05","product_category":"house","purchase_count":58}
{"loyalty_score":8,"product_id":"P32","product_category":"fruit_veg","purchase_count":58}
{"loyalty_score":8,"product_id":"P09","product_category":"house","purchase_count":58}
{"loyalty_score":8,"product_id":"P07","product_category":"house","purchase_count":58}
{"loyalty_score":8,"product_id":"P09","product_category":"house","purchase_count":58}
{"loyalty_score":8,"product_id":"P12","product_category":"house","purchase_count":58}
{"loyalty_score":8,"product_id":"P01","product_category":"house","purchase_count":58}
{"loyalty_score":8,"product_id":"P07","product_category":"house","purchase_count":58}
{"loyalty_score":8,"product_id":"P05","product_category":"house","purchase_count":58}
{"loyalty_score":8,"product_id":"P10","product_category":"house","purchase_count":58}
{"loyalty_score":8,"product_id":"P12","product_category":"house","purchase_count":58}
{"loyalty_score":8,"product_id":"P11","product_category":"house","purchase_count":58}
{"loyalty_score":8,"product_id":"P06","product_category":"house","purchase_count":58}
{"loyalty_score":8,"product_id":"P12","product_category":"house","purchase_count":58}
{"loyalty_score":8,"product_id":"P06","product_category":"house","purchase_count":58}
{"loyalty_score":8,"product_id":"P06","product_category":"house","purchase_count":58}
{"loyalty_score":8,"product_id":"P03","product_category":"house","purchase_count":58}
{"loyalty_score":8,"product_id":"P29","product_category":"fruit_veg","purchase_count":58}
{"loyalty_score":8,"product_id":"P42","product_category":"food","purchase_count":58}
{"loyalty_score":8,"product_id":"P04","product_category":"house","purchase_count":58}
{"loyalty_score":8,"product_id":"P11","product_category":"house","purchase_count":58}
{"loyalty_score":8,"product_id":"P04","product_category":"house","purchase_count":58}
{"loyalty_score":8,"product_id":"P54","product_category":"food","purchase_count":58}
{"loyalty_score":8,"product_id":"P09","product_category":"house","purchase_count":58}
{"loyalty_score":8,"product_id":"P01","product_category":"house","purchase_count":58}
{"loyalty_score":8,"product_id":"P11","product_category":"house","purchase_count":58}
{"loyalty_score":8,"product_id":"P32","product_category":"fruit_veg","purchase_count":58}
{"loyalty_score":8,"product_id":"P24","product_category":"fruit_veg","purchase_count":58}
{"loyalty_score":8,"product_id":"P30","product_category":"fruit_veg","purchase_count":58}
{"loyalty_score":8,"product_id":"P08","product_category":"house","purchase_count":58}
{"loyalty_score":8,"product_id":"P08","product_category":"house","purchase_count":58}
{"loyalty_score":8,"product_id":"P11","product_category":"house","purchase_count":58}
{"loyalty_score":8,"product_id":"P12","product_category":"house","purchase_count":58}
{"loyalty_score":8,"product_id":"P05","product_category":"house","purchase_count":58}
{"loyalty_score":8,"product_id":"P02","product_category":"house","purchase_count":58}
{"loyalty_score":8,"product_id":"P06","product_category":"house","purchase_count":58}
{"loyalty_score":8,"product_id":"P03","product_category":"house","purchase_count":58}
{"loyalty_score":8,"product_id":"P03","product_category":"house","purchase_count":58}
{"loyalty_score":8,"product_id":"P05","product_category":"house","purchase_count":58}
{"loyalty_score":8,"product_id":"P12","product_category":"house","purchase_count":58}
{"loyalty_score":8,"product_id":"P09","product_category":"house","purchase_count":58}
{"loyalty_score":8,"product_id":"P05","product_category":"house","purchase_count":58}
{"loyalty_score":8,"product_id":"P06","product_category":"house","purchase_count":58}
{"loyalty_score":8,"product_id":"P03","product_category":"house","purchase_count":58}
{"loyalty_score":8,"product_id":"P04","product_category":"house","purchase_count":58}
{"loyalty_score":8,"product_id":"P03","product_category":"house","purchase_count":58}
{"loyalty_score":8,"product_id":"P46","product_category":"food","purchase_count":58}
{"loyalty_score":8,"product_id":"P57","product_category":"food","purchase_count":58}
{"loyalty_score":8,"product_id":"P60","product_category":"food","purchase_count":58}
