{"loyalty_score":5,"product_id":"P24","product_category":"fruit_veg","purchase_count":63}
{"loyalty_score":5,"product_id":"P61","product_category":"bws","purchase_count":63}
{"loyalty_score":5,"product_id":"P62","product_category":"bws","purchase_count":63}
{"loyalty_score":5,"product_id":"P23","product_category":"fruit_veg","purchase_count":63}
{"loyalty_score":5,"product_id":"P25","product_category":"fruit_veg","purchase_count":63}
{"loyalty_score":5,"product_id":"P09","product_category":"house","purchase_count":63}
{"loyalty_score":5,"product_id":"P08","product_category":"house","purchase_count":63}
{"loyalty_score":5,"product_id":"P30","product_category":"fruit_veg","purchase_count":63}
{"loyalty_score":5,"product_id":"P24","product_category":"fruit_veg","purchase_count":63}
{"loyalty_score":5,"product_id":"P23","product_category":"fruit_veg","purchase_count":63}
{"loyalty_score":5,"product_id":"P63","product_category":"bws","purchase_count":63}
{"loyalty_score":5,"product_id":"P63","product_category":"bws","purchase_count":63}
{"loyalty_score":5,"product_id":"P61","product_category":"bws","purchase_count":63}
{"loyalty_score":5,"product_id":"P61","product_category":"bws","purchase_count":63}
{"loyalty_score":5,"product_id":"P54","product_category":"food","purchase_count":63}
{"loyalty_score":5,"product_id":"P57","product_category":"food","purchase_count":63}
{"loyalty_score":5,"product_id":"P43","product_category":"food","purchase_count":63}
{"loyalty_score":5,"product_id":"P22","product_category":"fruit_veg","purchase_count":63}
{"loyalty_score":5,"product_id":"P29","product_category":"fruit_veg","purchase_count":63}
{"loyalty_score":5,"product_id":"P28","product_category":"fruit_veg","purchase_count":63}
{"loyalty_score":5,"product_id":"P56","product_category":"food","purchase_count":63}
{"loyalty_score":5,"product_id":"P46","product_category":"food","purchase_count":63}
{"loyalty_score":5,"product_id":"P46","product_category":"food","purchase_count":63}
{"loyalty_score":5,"product_id":"P43","product_category":"food","purchase_count":63}
{"loyalty_score":5,"product_id":"P58","product_category":"food","purchase_count":63}
{"loyalty_score":5,"product_id":"P50","product_category":"food","purchase_count":63}
{"loyalty_score":5,"product_id":"P50","product_category":"food","purchase_count":63}
{"loyalty_score":5,"product_id":"P42","product_category":"food","purchase_count":63}
{"loyalty_score":5,"product_id":"P57","product_category":"food","purchase_count":63}
{"loyalty_score":5,"product_id":"P63","product_category":"bws","purchase_count":63}
{"loyalty_score":5,"product_id":"P63","product_category":"bws","purchase_count":63}
{"loyalty_score":5,"product_id":"P32","product_category":"fruit_veg","purchase_count":63}
{"loyalty_score":5,"product_id":"P24","product_category":"fruit_veg","purchase_count":63}
{"loyalty_score":5,"product_id":"P62","product_category":"bws","purchase_count":63}
{"loyalty_score":5,"product_id":"P62","product_category":"bws","purchase_count":63}
{"loyalty_score":5,"product_id":"P61","product_category":"bws","purchase_count":63}
{"loyalty_score":5,"product_id":"P09","product_category":"house","purchase_count":63}
{"loyalty_score":5,"product_id":"P05","product_category":"house","purchase_count":63}
{"loyalty_score":5,"product_id":"P01","product_category":"house","purchase_count":63}
{"loyalty_score":5,"product_id":"P61","product_category":"bws","purchase_count":63}
{"loyalty_score":5,"product_id":"P61","product_category":"bws","purchase_count":63}
{"loyalty_score":5,"product_id":"P01","product_category":"house","purchase_count":63}
{"loyalty_score":5,"product_id":"P02","product_category":"house","purchase_count":63}
{"loyalty_score":5,"product_id":"P33","product_category":"fruit_veg","purchase_count":63}
{"loyalty_score":5,"product_id":"P24","product_category":"fruit_veg","purchase_count":63}
{"loyalty_score":5,"product_id":"P26","product_category":"fruit_veg","purchase_count":63}
{"loyalty_score":5,"product_id":"P26","product_category":"fruit_veg","purchase_count":63}
{"loyalty_score":5,"product_id":"P62","product_category":"bws","purchase_count":63}
{"loyalty_score":5,"product_id":"P61","product_category":"bws","purchase_count":63}
{"loyalty_score":5,"product_id":"P44","product_category":"food","purchase_count":63}
{"loyalty_score":5,"product_id":"P45","product_category":"food","purchase_count":63}
{"loyalty_score":5,"product_id":"P57","product_category":"food","purchase_count":63}
{"loyalty_score":5,"product_id":"P61","product_category":"bws","purchase_count":63}
{"loyalty_score":5,"product_id":"P22","product_category":"fruit_veg","purchase_count":63}
{"loyalty_score":5,"product_id":"P25","product_category":"fruit_veg","purchase_count":63}
{"loyalty_score":5,"product_id":"P01","product_category":"house","purchase_count":63}
{"loyalty_score":5,"product_id":"P03","product_category":"house","purchase_count":63}
{"loyalty_score":5,"product_id":"P05","product_category":"house","purchase_count":63}
{"loyalty_score":5,"product_id":"P61","product_category":"bws","purchase_count":63}
{"loyalty_score":5,"product_id":"P34","product_category":"fruit_veg","purchase_count":63}
{"loyalty_score":5,"product_id":"P22","product_category":"fruit_veg","purchase_count":63}
{"loyalty_score":5,"product_id":"P34","product_category":"fruit_veg","purchase_count":63}
{"loyalty_score":5,"product_id":"P30","product_category":"fruit_veg","purchase_count":63}
