{"loyalty_score":1,"product_id":"P24","product_category":"fruit_veg","purchase_count":19}
{"loyalty_score":1,"product_id":"P28","product_category":"fruit_veg","purchase_count":19}
{"loyalty_score":1,"product_id":"P56","product_category":"food","purchase_count":19}
{"loyalty_score":1,"product_id":"P23","product_category":"fruit_veg","purchase_count":19}
{"loyalty_score":1,"product_id":"P30","product_category":"fruit_veg","purchase_count":19}
{"loyalty_score":1,"product_id":"P30","product_category":"fruit_veg","purchase_count":19}
{"loyalty_score":1,"product_id":"P25","product_category":"fruit_veg","purchase_count":19}
{"loyalty_score":1,"product_id":"P31","product_category":"fruit_veg","purchase_count":19}
{"loyalty_score":1,"product_id":"P52","product_category":"food","purchase_count":19}
{"loyalty_score":1,"product_id":"P54","product_category":"food","purchase_count":19}
{"loyalty_score":1,"product_id":"P53","product_category":"food","purchase_count":19}
{"loyalty_score":1,"product_id":"P46","product_category":"food","purchase_count":19}
{"loyalty_score":1,"product_id":"P57","product_category":"food","purchase_count":19}
{"loyalty_score":1,"product_id":"P60","product_category":"food","purchase_count":19}
{"loyalty_score":1,"product_id":"P40","product_category":"sweets","purchase_count":19}
{"loyalty_score":1,"product_id":"P38","product_category":"sweets","purchase_count":19}
{"loyalty_score":1,"product_id":"P38","product_category":"sweets","purchase_count":19}
{"loyalty_score":1,"product_id":"P39","product_category":"sweets","purchase_count":19}
{"loyalty_score":1,"product_id":"P40","product_category":"sweets","purchase_count":19}
