{"customer_id": "C3", "basket": [{"product_id": "P03", "price": 270}, {"product_id": "P01", "price": 1984}, {"product_id": "P04", "price": 1714}], "date_of_purchase": "2019-01-23 03:28:00"}
{"customer_id": "C9", "basket": [{"product_id": "P48", "price": 1665}, {"product_id": "P55", "price": 1404}, {"product_id": "P58", "price": 299}], "date_of_purchase": "2019-01-23 12:12:00"}
{"customer_id": "C10", "basket": [{"product_id": "P47", "price": 1881}, {"product_id": "P46", "price": 289}], "date_of_purchase": "2019-01-23 04:46:00"}
{"customer_id": "C20", "basket": [{"product_id": "P02", "price": 571}, {"product_id": "P01", "price": 644}], "date_of_purchase": "2019-01-23 20:38:00"}
{"customer_id": "C32", "basket": [{"product_id": "P55", "price": 578}, {"product_id": "P44", "price": 1429}], "date_of_purchase": "2019-01-23 21:41:00"}
{"customer_id": "C35", "basket": [{"product_id": "P18", "price": 614}], "date_of_purchase": "2019-01-23 20:03:00"}
{"customer_id": "C37", "basket": [{"product_id": "P07", "price": 14}, {"product_id": "P10", "price": 1931}, {"product_id": "P07", "price": 1633}], "date_of_purchase": "2019-01-23 10:24:00"}
{"customer_id": "C43", "basket": [{"product_id": "P23", "price": 684}, {"product_id": "P34", "price": 1419}], "date_of_purchase": "2019-01-23 06:16:00"}
{"customer_id": "C49", "basket": [{"product_id": "P12", "price": 729}], "date_of_purchase": "2019-01-23 15:37:00"}
{"customer_id": "C50", "basket": [{"product_id": "P49", "price": 1933}, {"product_id": "P55", "price": 600}, {"product_id": "P52", "price": 1599}], "date_of_purchase": "2019-01-23 03:36:00"}
{"customer_id": "C63", "basket": [{"product_id": "P22", "price": 1158}, {"product_id": "P29", "price": 280}], "date_of_purchase": "2019-01-23 22:52:00"}
{"customer_id": "C65", "basket": [{"product_id": "P46", "price": 609}, {"product_id": "P58", "price": 292}], "date_of_purchase": "2019-01-23 19:17:00"}
{"customer_id": "C68", "basket": [{"product_id": "P63", "price": 1418}], "date_of_purchase": "2019-01-23 11:36:00"}
{"customer_id": "C74", "basket": [{"product_id": "P61", "price": 1360}, {"product_id": "P62", "price": 833}], "date_of_purchase": "2019-01-23 21:46:00"}
{"customer_id": "C100", "basket": [{"product_id": "P63", "price": 460}, {"product_id": "P62", "price": 1984}, {"product_id": "P64", "price": 361}], "date_of_purchase": "2019-01-23 05:26:00"}
{"customer_id": "C103", "basket": [{"product_id": "P38", "price": 1386}, {"product_id": "P36", "price": 1593}], "date_of_purchase": "2019-01-23 07:26:00"}
{"customer_id": "C104", "basket": [{"product_id": "P08", "price": 92}, {"product_id": "P05", "price": 962}, {"product_id": "P10", "price": 692}], "date_of_purchase": "2019-01-23 03:47:00"}
{"customer_id": "C108", "basket": [{"product_id": "P05", "price": 1656}, {"product_id": "P12", "price": 893}, {"product_id": "P11", "price": 1255}], "date_of_purchase": "2019-01-23 03:47:00"}
{"customer_id": "C109", "basket": [{"product_id": "P40", "price": 864}, {"product_id": "P38", "price": 826}], "date_of_purchase": "2019-01-23 23:42:00"}
{"customer_id": "C112", "basket": [{"product_id": "P25", "price": 965}, {"product_id": "P34", "price": 254}, {"product_id": "P30", "price": 1005}], "date_of_purchase": "2019-01-23 04:42:00"}
{"customer_id": "C114", "basket": [{"product_id": "P12", "price": 1560}], "date_of_purchase": "2019-01-23 21:57:00"}
{"customer_id": "C117", "basket": [{"product_id": "P32", "price": 706}, {"product_id": "P34", "price": 503}, {"product_id": "P33", "price": 1226}], "date_of_purchase": "2019-01-23 06:42:00"}
{"customer_id": "C118", "basket": [{"product_id": "P09", "price": 383}], "date_of_purchase": "2019-01-23 07:42:00"}
{"customer_id": "C125", "basket": [{"product_id": "P17", "price": 467}, {"product_id": "P16", "price": 383}], "date_of_purchase": "2019-01-23 21:10:00"}
{"customer_id": "C130", "basket": [{"product_id": "P10", "price": 1427}], "date_of_purchase": "2019-01-23 20:22:00"}
{"customer_id": "C132", "basket": [{"product_id": "P39", "price": 800}, {"product_id": "P38", "price": 910}, {"product_id": "P38", "price": 1936}], "date_of_purchase": "2019-01-23 07:10:00"}
{"customer_id": "C135", "basket": [{"product_id": "P32", "price": 1237}, {"product_id": "P27", "price": 472}, {"product_id": "P27", "price": 111}], "date_of_purchase": "2019-01-23 09:01:00"}
