{"loyalty_score":7,"product_id":"P45","product_category":"food","purchase_count":14}
{"loyalty_score":7,"product_id":"P56","product_category":"food","purchase_count":14}
{"loyalty_score":7,"product_id":"P31","product_category":"fruit_veg","purchase_count":14}
{"loyalty_score":7,"product_id":"P26","product_category":"fruit_veg","purchase_count":14}
{"loyalty_score":7,"product_id":"P22","product_category":"fruit_veg","purchase_count":14}
{"loyalty_score":7,"product_id":"P32","product_category":"fruit_veg","purchase_count":14}
{"loyalty_score":7,"product_id":"P27","product_category":"fruit_veg","purchase_count":14}
{"loyalty_score":7,"product_id":"P54","product_category":"food","purchase_count":14}
{"loyalty_score":7,"product_id":"P43","product_category":"food","purchase_count":14}
{"loyalty_score":7,"product_id":"P33","product_category":"fruit_veg","purchase_count":14}
{"loyalty_score":7,"product_id":"P28","product_category":"fruit_veg","purchase_count":14}
{"loyalty_score":7,"product_id":"P32","product_category":"fruit_veg","purchase_count":14}
{"loyalty_score":7,"product_id":"P28","product_category":"fruit_veg","purchase_count":14}
{"loyalty_score":7,"product_id":"P49","product_category":"food","purchase_count":14}
