{"customer_id": "C6", "basket": [{"product_id": "P16", "price": 239}, {"product_id": "P19", "price": 1376}, {"product_id": "P19", "price": 1708}], "date_of_purchase": "2018-12-07 19:10:00"}
{"customer_id": "C10", "basket": [{"product_id": "P25", "price": 636}], "date_of_purchase": "2018-12-07 17:26:00"}
{"customer_id": "C27", "basket": [{"product_id": "P11", "price": 1862}, {"product_id": "P03", "price": 42}], "date_of_purchase": "2018-12-07 08:09:00"}
{"customer_id": "C32", "basket": [{"product_id": "P29", "price": 1653}, {"product_id": "P22", "price": 1106}], "date_of_purchase": "2018-12-07 06:09:00"}
{"customer_id": "C48", "basket": [{"product_id": "P24", "price": 421}, {"product_id": "P29", "price": 682}], "date_of_purchase": "2018-12-07 22:43:00"}
{"customer_id": "C49", "basket": [{"product_id": "P12", "price": 991}, {"product_id": "P10", "price": 644}], "date_of_purchase": "2018-12-07 06:53:00"}
{"customer_id": "C53", "basket": [{"product_id": "P03", "price": 1971}, {"product_id": "P01", "price": 1569}, {"product_id": "P06", "price": 1239}], "date_of_purchase": "2018-12-07 20:06:00"}
{"customer_id": "C57", "basket": [{"product_id": "P35", "price": 120}, {"product_id": "P38", "price": 1794}, {"product_id": "P35", "price": 641}], "date_of_purchase": "2018-12-07 20:58:00"}
{"customer_id": "C60", "basket": [{"product_id": "P61", "price": 890}, {"product_id": "P62", "price": 1003}], "date_of_purchase": "2018-12-07 13:48:00"}
{"customer_id": "C70", "basket": [{"product_id": "P41", "price": 1880}, {"product_id": "P46", "price": 497}, {"product_id": "P54", "price": 1188}], "date_of_purchase": "2018-12-07 22:48:00"}
{"customer_id": "C74", "basket": [{"product_id": "P28", "price": 845}, {"product_id": "P29", "price": 1945}, {"product_id": "P22", "price": 304}], "date_of_purchase": "2018-12-07 09:25:00"}
{"customer_id": "C80", "basket": [{"product_id": "P62", "price": 692}, {"product_id": "P64", "price": 879}, {"product_id": "P63", "price": 1768}], "date_of_purchase": "2018-12-07 07:29:00"}
{"customer_id": "C89", "basket": [{"product_id": "P30", "price": 496}, {"product_id": "P33", "price": 496}], "date_of_purchase": "2018-12-07 13:11:00"}
{"customer_id": "C91", "basket": [{"product_id": "P20", "price": 953}, {"product_id": "P14", "price": 844}, {"product_id": "P17", "price": 1526}], "date_of_purchase": "2018-12-07 18:54:00"}
{"customer_id": "C103", "basket": [{"product_id": "P62", "price": 619}], "date_of_purchase": "2018-12-07 13:29:00"}
{"customer_id": "C106", "basket": [{"product_id": "P41", "price": 1038}], "date_of_purchase": "2018-12-07 07:42:00"}
{"customer_id": "C109", "basket": [{"product_id": "P37", "price": 1565}, {"product_id": "P36", "price": 495}], "date_of_purchase": "2018-12-07 22:52:00"}
{"customer_id": "C110", "basket": [{"product_id": "P41", "price": 548}, {"product_id": "P59", "price": 516}], "date_of_purchase": "2018-12-07 15:01:00"}
{"customer_id": "C120", "basket": [{"product_id": "P38", "price": 601}, {"product_id": "P40", "price": 1150}], "date_of_purchase": "2018-12-07 22:37:00"}
{"customer_id": "C127", "basket": [{"product_id": "P60", "price": 279}, {"product_id": "P58", "price": 641}], "date_of_purchase": "2018-12-07 08:22:00"}
{"customer_id": "C128", "basket": [{"product_id": "P05", "price": 1545}, {"product_id": "P08", "price": 1863}], "date_of_purchase": "2018-12-07 06:42:00"}
{"customer_id": "C130", "basket": [{"product_id": "P37", "price": 1816}, {"product_id": "P37", "price": 1139}, {"product_id": "P36", "price": 1031}], "date_of_purchase": "2018-12-07 15:19:00"}
