{"loyalty_score":3,"product_id":"P36","product_category":"sweets","purchase_count":43}
{"loyalty_score":3,"product_id":"P37","product_category":"sweets","purchase_count":43}
{"loyalty_score":3,"product_id":"P40","product_category":"sweets","purchase_count":43}
{"loyalty_score":3,"product_id":"P09","product_category":"house","purchase_count":43}
{"loyalty_score":3,"product_id":"P57","product_category":"food","purchase_count":43}
{"loyalty_score":3,"product_id":"P42","product_category":"food","purchase_count":43}
{"loyalty_score":3,"product_id":"P59","product_category":"food","purchase_count":43}
{"loyalty_score":3,"product_id":"P53","product_category":"food","purchase_count":43}
{"loyalty_score":3,"product_id":"P58","product_category":"food","purchase_count":43}
{"loyalty_score":3,"product_id":"P46","product_category":"food","purchase_count":43}
{"loyalty_score":3,"product_id":"P39","product_category":"sweets","purchase_count":43}
{"loyalty_score":3,"product_id":"P35","product_category":"sweets","purchase_count":43}
{"loyalty_score":3,"product_id":"P57","product_category":"food","purchase_count":43}
{"loyalty_score":3,"product_id":"P45","product_category":"food","purchase_count":43}
{"loyalty_score":3,"product_id":"P37","product_category":"sweets","purchase_count":43}
{"loyalty_score":3,"product_id":"P56","product_category":"food","purchase_count":43}
{"loyalty_score":3,"product_id":"P42","product_category":"food","purchase_count":43}
{"loyalty_score":3,"product_id":"P60","product_category":"food","purchase_count":43}
{"loyalty_score":3,"product_id":"P50","product_category":"food","purchase_count":43}
{"loyalty_score":3,"product_id":"P52","product_category":"food","purchase_count":43}
{"loyalty_score":3,"product_id":"P51","product_category":"food","purchase_count":43}
{"loyalty_score":3,"product_id":"P44","product_category":"food","purchase_count":43}
{"loyalty_score":3,"product_id":"P01","product_category":"house","purchase_count":43}
{"loyalty_score":3,"product_id":"P03","product_category":"house","purchase_count":43}
{"loyalty_score":3,"product_id":"P45","product_category":"food","purchase_count":43}
{"loyalty_score":3,"product_id":"P42","product_category":"food","purchase_count":43}
{"loyalty_score":3,"product_id":"P60","product_category":"food","purchase_count":43}
{"loyalty_score":3,"product_id":"P04","product_category":"house","purchase_count":43}
{"loyalty_score":3,"product_id":"P12","product_category":"house","purchase_count":43}
{"loyalty_score":3,"product_id":"P45","product_category":"food","purchase_count":43}
{"loyalty_score":3,"product_id":"P58","product_category":"food","purchase_count":43}
{"loyalty_score":3,"product_id":"P35","product_category":"sweets","purchase_count":43}
{"loyalty_score":3,"product_id":"P40","product_category":"sweets","purchase_count":43}
{"loyalty_score":3,"product_id":"P41","product_category":"food","purchase_count":43}
{"loyalty_score":3,"product_id":"P60","product_category":"food","purchase_count":43}
{"loyalty_score":3,"product_id":"P56","product_category":"food","purchase_count":43}
{"loyalty_score":3,"product_id":"P37","product_category":"sweets","purchase_count":43}
{"loyalty_score":3,"product_id":"P37","product_category":"sweets","purchase_count":43}
{"loyalty_score":3,"product_id":"P39","product_category":"sweets","purchase_count":43}
{"loyalty_score":3,"product_id":"P42","product_category":"food","purchase_count":43}
{"loyalty_score":3,"product_id":"P49","product_category":"food","purchase_count":43}
{"loyalty_score":3,"product_id":"P37","product_category":"sweets","purchase_count":43}
{"loyalty_score":3,"product_id":"P38","product_category":"sweets","purchase_count":43}
