{"loyalty_score":8,"product_id":"P17","product_category":"clothes","purchase_count":23}
{"loyalty_score":8,"product_id":"P20","product_category":"clothes","purchase_count":23}
{"loyalty_score":8,"product_id":"P16","product_category":"clothes","purchase_count":23}
{"loyalty_score":8,"product_id":"P19","product_category":"clothes","purchase_count":23}
{"loyalty_score":8,"product_id":"P13","product_category":"clothes","purchase_count":23}
{"loyalty_score":8,"product_id":"P14","product_category":"clothes","purchase_count":23}
{"loyalty_score":8,"product_id":"P17","product_category":"clothes","purchase_count":23}
{"loyalty_score":8,"product_id":"P18","product_category":"clothes","purchase_count":23}
{"loyalty_score":8,"product_id":"P20","product_category":"clothes","purchase_count":23}
{"loyalty_score":8,"product_id":"P21","product_category":"clothes","purchase_count":23}
{"loyalty_score":8,"product_id":"P17","product_category":"clothes","purchase_count":23}
{"loyalty_score":8,"product_id":"P14","product_category":"clothes","purchase_count":23}
{"loyalty_score":8,"product_id":"P19","product_category":"clothes","purchase_count":23}
{"loyalty_score":8,"product_id":"P17","product_category":"clothes","purchase_count":23}
{"loyalty_score":8,"product_id":"P14","product_category":"clothes","purchase_count":23}
{"loyalty_score":8,"product_id":"P14","product_category":"clothes","purchase_count":23}
{"loyalty_score":8,"product_id":"P15","product_category":"clothes","purchase_count":23}
{"loyalty_score":8,"product_id":"P13","product_category":"clothes","purchase_count":23}
{"loyalty_score":8,"product_id":"P14","product_category":"clothes","purchase_count":23}
{"loyalty_score":8,"product_id":"P18","product_category":"clothes","purchase_count":23}
{"loyalty_score":8,"product_id":"P20","product_category":"clothes","purchase_count":23}
{"loyalty_score":8,"product_id":"P19","product_category":"clothes","purchase_count":23}
{"loyalty_score":8,"product_id":"P18","product_category":"clothes","purchase_count":23}
