{"loyalty_score":5,"product_id":"P22","product_category":"fruit_veg","purchase_count":26}
{"loyalty_score":5,"product_id":"P31","product_category":"fruit_veg","purchase_count":26}
{"loyalty_score":5,"product_id":"P57","product_category":"food","purchase_count":26}
{"loyalty_score":5,"product_id":"P64","product_category":"bws","purchase_count":26}
{"loyalty_score":5,"product_id":"P61","product_category":"bws","purchase_count":26}
{"loyalty_score":5,"product_id":"P61","product_category":"bws","purchase_count":26}
{"loyalty_score":5,"product_id":"P61","product_category":"bws","purchase_count":26}
{"loyalty_score":5,"product_id":"P61","product_category":"bws","purchase_count":26}
{"loyalty_score":5,"product_id":"P63","product_category":"bws","purchase_count":26}
{"loyalty_score":5,"product_id":"P32","product_category":"fruit_veg","purchase_count":26}
{"loyalty_score":5,"product_id":"P32","product_category":"fruit_veg","purchase_count":26}
{"loyalty_score":5,"product_id":"P30","product_category":"fruit_veg","purchase_count":26}
{"loyalty_score":5,"product_id":"P61","product_category":"bws","purchase_count":26}
{"loyalty_score":5,"product_id":"P64","product_category":"bws","purchase_count":26}
{"loyalty_score":5,"product_id":"P52","product_category":"food","purchase_count":26}
{"loyalty_score":5,"product_id":"P50","product_category":"food","purchase_count":26}
{"loyalty_score":5,"product_id":"P61","product_category":"bws","purchase_count":26}
{"loyalty_score":5,"product_id":"P64","product_category":"bws","purchase_count":26}
{"loyalty_score":5,"product_id":"P41","product_category":"food","purchase_count":26}
{"loyalty_score":5,"product_id":"P27","product_category":"fruit_veg","purchase_count":26}
{"loyalty_score":5,"product_id":"P28","product_category":"fruit_veg","purchase_count":26}
{"loyalty_score":5,"product_id":"P22","product_category":"fruit_veg","purchase_count":26}
{"loyalty_score":5,"product_id":"P62","product_category":"bws","purchase_count":26}
{"loyalty_score":5,"product_id":"P64","product_category":"bws","purchase_count":26}
{"loyalty_score":5,"product_id":"P63","product_category":"bws","purchase_count":26}
{"loyalty_score":5,"product_id":"P63","product_category":"bws","purchase_count":26}
