{"loyalty_score":9,"product_id":"P35","product_category":"sweets","purchase_count":20}
{"loyalty_score":9,"product_id":"P37","product_category":"sweets","purchase_count":20}
{"loyalty_score":9,"product_id":"P10","product_category":"house","purchase_count":20}
{"loyalty_score":9,"product_id":"P06","product_category":"house","purchase_count":20}
{"loyalty_score":9,"product_id":"P57","product_category":"food","purchase_count":20}
{"loyalty_score":9,"product_id":"P53","product_category":"food","purchase_count":20}
{"loyalty_score":9,"product_id":"P44","product_category":"food","purchase_count":20}
{"loyalty_score":9,"product_id":"P42","product_category":"food","purchase_count":20}
{"loyalty_score":9,"product_id":"P59","product_category":"food","purchase_count":20}
{"loyalty_score":9,"product_id":"P54","product_category":"food","purchase_count":20}
{"loyalty_score":9,"product_id":"P53","product_category":"food","purchase_count":20}
{"loyalty_score":9,"product_id":"P45","product_category":"food","purchase_count":20}
{"loyalty_score":9,"product_id":"P41","product_category":"food","purchase_count":20}
{"loyalty_score":9,"product_id":"P40","product_category":"sweets","purchase_count":20}
{"loyalty_score":9,"product_id":"P38","product_category":"sweets","purchase_count":20}
{"loyalty_score":9,"product_id":"P38","product_category":"sweets","purchase_count":20}
{"loyalty_score":9,"product_id":"P40","product_category":"sweets","purchase_count":20}
{"loyalty_score":9,"product_id":"P11","product_category":"house","purchase_count":20}
{"loyalty_score":9,"product_id":"P10","product_category":"house","purchase_count":20}
{"loyalty_score":9,"product_id":"P11","product_category":"house","purchase_count":20}
