{"loyalty_score":8,"product_id":"P40","product_category":"sweets","purchase_count":42}
{"loyalty_score":8,"product_id":"P38","product_category":"sweets","purchase_count":42}
{"loyalty_score":8,"product_id":"P39","product_category":"sweets","purchase_count":42}
{"loyalty_score":8,"product_id":"P64","product_category":"bws","purchase_count":42}
{"loyalty_score":8,"product_id":"P64","product_category":"bws","purchase_count":42}
{"loyalty_score":8,"product_id":"P38","product_category":"sweets","purchase_count":42}
{"loyalty_score":8,"product_id":"P36","product_category":"sweets","purchase_count":42}
{"loyalty_score":8,"product_id":"P61","product_category":"bws","purchase_count":42}
{"loyalty_score":8,"product_id":"P62","product_category":"bws","purchase_count":42}
{"loyalty_score":8,"product_id":"P64","product_category":"bws","purchase_count":42}
{"loyalty_score":8,"product_id":"P61","product_category":"bws","purchase_count":42}
{"loyalty_score":8,"product_id":"P61","product_category":"bws","purchase_count":42}
{"loyalty_score":8,"product_id":"P62","product_category":"bws","purchase_count":42}
{"loyalty_score":8,"product_id":"P40","product_category":"sweets","purchase_count":42}
{"loyalty_score":8,"product_id":"P38","product_category":"sweets","purchase_count":42}
{"loyalty_score":8,"product_id":"P35","product_category":"sweets","purchase_count":42}
{"loyalty_score":8,"product_id":"P40","product_category":"sweets","purchase_count":42}
{"loyalty_score":8,"product_id":"P37","product_category":"sweets","purchase_count":42}
{"loyalty_score":8,"product_id":"P37","product_category":"sweets","purchase_count":42}
{"loyalty_score":8,"product_id":"P35","product_category":"sweets","purchase_count":42}
{"loyalty_score":8,"product_id":"P38","product_category":"sweets","purchase_count":42}
{"loyalty_score":8,"product_id":"P36","product_category":"sweets","purchase_count":42}
{"loyalty_score":8,"product_id":"P40","product_category":"sweets","purchase_count":42}
{"loyalty_score":8,"product_id":"P36","product_category":"sweets","purchase_count":42}
{"loyalty_score":8,"product_id":"P36","product_category":"sweets","purchase_count":42}
{"loyalty_score":8,"product_id":"P39","product_category":"sweets","purchase_count":42}
{"loyalty_score":8,"product_id":"P64","product_category":"bws","purchase_count":42}
{"loyalty_score":8,"product_id":"P62","product_category":"bws","purchase_count":42}
{"loyalty_score":8,"product_id":"P63","product_category":"bws","purchase_count":42}
{"loyalty_score":8,"product_id":"P37","product_category":"sweets","purchase_count":42}
{"loyalty_score":8,"product_id":"P35","product_category":"sweets","purchase_count":42}
{"loyalty_score":8,"product_id":"P36","product_category":"sweets","purchase_count":42}
{"loyalty_score":8,"product_id":"P39","product_category":"sweets","purchase_count":42}
{"loyalty_score":8,"product_id":"P37","product_category":"sweets","purchase_count":42}
{"loyalty_score":8,"product_id":"P39","product_category":"sweets","purchase_count":42}
{"loyalty_score":8,"product_id":"P40","product_category":"sweets","purchase_count":42}
{"loyalty_score":8,"product_id":"P37","product_category":"sweets","purchase_count":42}
{"loyalty_score":8,"product_id":"P40","product_category":"sweets","purchase_count":42}
{"loyalty_score":8,"product_id":"P40","product_category":"sweets","purchase_count":42}
{"loyalty_score":8,"product_id":"P36","product_category":"sweets","purchase_count":42}
{"loyalty_score":8,"product_id":"P35","product_category":"sweets","purchase_count":42}
{"loyalty_score":8,"product_id":"P37","product_category":"sweets","purchase_count":42}
