{"loyalty_score":2,"product_id":"P21","product_category":"clothes","purchase_count":44}
{"loyalty_score":2,"product_id":"P42","product_category":"food","purchase_count":44}
{"loyalty_score":2,"product_id":"P54","product_category":"food","purchase_count":44}
{"loyalty_score":2,"product_id":"P53","product_category":"food","purchase_count":44}
{"loyalty_score":2,"product_id":"P42","product_category":"food","purchase_count":44}
{"loyalty_score":2,"product_id":"P56","product_category":"food","purchase_count":44}
{"loyalty_score":2,"product_id":"P48","product_category":"food","purchase_count":44}
{"loyalty_score":2,"product_id":"P44","product_category":"food","purchase_count":44}
{"loyalty_score":2,"product_id":"P55","product_category":"food","purchase_count":44}
{"loyalty_score":2,"product_id":"P38","product_category":"sweets","purchase_count":44}
{"loyalty_score":2,"product_id":"P31","product_category":"fruit_veg","purchase_count":44}
{"loyalty_score":2,"product_id":"P30","product_category":"fruit_veg","purchase_count":44}
{"loyalty_score":2,"product_id":"P31","product_category":"fruit_veg","purchase_count":44}
{"loyalty_score":2,"product_id":"P40","product_category":"sweets","purchase_count":44}
{"loyalty_score":2,"product_id":"P39","product_category":"sweets","purchase_count":44}
{"loyalty_score":2,"product_id":"P21","product_category":"clothes","purchase_count":44}
{"loyalty_score":2,"product_id":"P50","product_category":"food","purchase_count":44}
{"loyalty_score":2,"product_id":"P47","product_category":"food","purchase_count":44}
{"loyalty_score":2,"product_id":"P40","product_category":"sweets","purchase_count":44}
{"loyalty_score":2,"product_id":"P39","product_category":"sweets","purchase_count":44}
{"loyalty_score":2,"product_id":"P36","product_category":"sweets","purchase_count":44}
{"loyalty_score":2,"product_id":"P42","product_category":"food","purchase_count":44}
{"loyalty_score":2,"product_id":"P55","product_category":"food","purchase_count":44}
{"loyalty_score":2,"product_id":"P15","product_category":"clothes","purchase_count":44}
{"loyalty_score":2,"product_id":"P13","product_category":"clothes","purchase_count":44}
{"loyalty_score":2,"product_id":"P38","product_category":"sweets","purchase_count":44}
{"loyalty_score":2,"product_id":"P38","product_category":"sweets","purchase_count":44}
{"loyalty_score":2,"product_id":"P34","product_category":"fruit_veg","purchase_count":44}
{"loyalty_score":2,"product_id":"P34","product_category":"fruit_veg","purchase_count":44}
{"loyalty_score":2,"product_id":"P40","product_category":"sweets","purchase_count":44}
{"loyalty_score":2,"product_id":"P37","product_category":"sweets","purchase_count":44}
{"loyalty_score":2,"product_id":"P25","product_category":"fruit_veg","purchase_count":44}
{"loyalty_score":2,"product_id":"P28","product_category":"fruit_veg","purchase_count":44}
{"loyalty_score":2,"product_id":"P27","product_category":"fruit_veg","purchase_count":44}
{"loyalty_score":2,"product_id":"P21","product_category":"clothes","purchase_count":44}
{"loyalty_score":2,"product_id":"P13","product_category":"clothes","purchase_count":44}
{"loyalty_score":2,"product_id":"P15","product_category":"clothes","purchase_count":44}
{"loyalty_score":2,"product_id":"P24","product_category":"fruit_veg","purchase_count":44}
{"loyalty_score":2,"product_id":"P31","product_category":"fruit_veg","purchase_count":44}
{"loyalty_score":2,"product_id":"P60","product_category":"food","purchase_count":44}
{"loyalty_score":2,"product_id":"P56","product_category":"food","purchase_count":44}
{"loyalty_score":2,"product_id":"P36","product_category":"sweets","purchase_count":44}
{"loyalty_score":2,"product_id":"P37","product_category":"sweets","purchase_count":44}
{"loyalty_score":2,"product_id":"P37","product_category":"sweets","purchase_count":44}
