{"loyalty_score":9,"product_id":"P25","product_category":"fruit_veg","purchase_count":33}
{"loyalty_score":9,"product_id":"P23","product_category":"fruit_veg","purchase_count":33}
{"loyalty_score":9,"product_id":"P31","product_category":"fruit_veg","purchase_count":33}
{"loyalty_score":9,"product_id":"P15","product_category":"clothes","purchase_count":33}
{"loyalty_score":9,"product_id":"P63","product_category":"bws","purchase_count":33}
{"loyalty_score":9,"product_id":"P26","product_category":"fruit_veg","purchase_count":33}
{"loyalty_score":9,"product_id":"P63","product_category":"bws","purchase_count":33}
{"loyalty_score":9,"product_id":"P64","product_category":"bws","purchase_count":33}
{"loyalty_score":9,"product_id":"P62","product_category":"bws","purchase_count":33}
{"loyalty_score":9,"product_id":"P62","product_category":"bws","purchase_count":33}
{"loyalty_score":9,"product_id":"P64","product_category":"bws","purchase_count":33}
{"loyalty_score":9,"product_id":"P64","product_category":"bws","purchase_count":33}
{"loyalty_score":9,"product_id":"P27","product_category":"fruit_veg","purchase_count":33}
{"loyalty_score":9,"product_id":"P26","product_category":"fruit_veg","purchase_count":33}
{"loyalty_score":9,"product_id":"P23","product_category":"fruit_veg","purchase_count":33}
{"loyalty_score":9,"product_id":"P23","product_category":"fruit_veg","purchase_count":33}
{"loyalty_score":9,"product_id":"P22","product_category":"fruit_veg","purchase_count":33}
{"loyalty_score":9,"product_id":"P21","product_category":"clothes","purchase_count":33}
{"loyalty_score":9,"product_id":"P64","product_category":"bws","purchase_count":33}
{"loyalty_score":9,"product_id":"P64","product_category":"bws","purchase_count":33}
{"loyalty_score":9,"product_id":"P28","product_category":"fruit_veg","purchase_count":33}
{"loyalty_score":9,"product_id":"P34","product_category":"fruit_veg","purchase_count":33}
{"loyalty_score":9,"product_id":"P63","product_category":"bws","purchase_count":33}
{"loyalty_score":9,"product_id":"P63","product_category":"bws","purchase_count":33}
{"loyalty_score":9,"product_id":"P64","product_category":"bws","purchase_count":33}
{"loyalty_score":9,"product_id":"P62","product_category":"bws","purchase_count":33}
{"loyalty_score":9,"product_id":"P62","product_category":"bws","purchase_count":33}
{"loyalty_score":9,"product_id":"P64","product_category":"bws","purchase_count":33}
{"loyalty_score":9,"product_id":"P31","product_category":"fruit_veg","purchase_count":33}
{"loyalty_score":9,"product_id":"P63","product_category":"bws","purchase_count":33}
{"loyalty_score":9,"product_id":"P24","product_category":"fruit_veg","purchase_count":33}
{"loyalty_score":9,"product_id":"P24","product_category":"fruit_veg","purchase_count":33}
{"loyalty_score":9,"product_id":"P28","product_category":"fruit_veg","purchase_count":33}
