{"loyalty_score":3,"product_id":"P54","product_category":"food","purchase_count":14}
{"loyalty_score":3,"product_id":"P56","product_category":"food","purchase_count":14}
{"loyalty_score":3,"product_id":"P08","product_category":"house","purchase_count":14}
{"loyalty_score":3,"product_id":"P07","product_category":"house","purchase_count":14}
{"loyalty_score":3,"product_id":"P52","product_category":"food","purchase_count":14}
{"loyalty_score":3,"product_id":"P30","product_category":"fruit_veg","purchase_count":14}
{"loyalty_score":3,"product_id":"P34","product_category":"fruit_veg","purchase_count":14}
{"loyalty_score":3,"product_id":"P25","product_category":"fruit_veg","purchase_count":14}
{"loyalty_score":3,"product_id":"P29","product_category":"fruit_veg","purchase_count":14}
{"loyalty_score":3,"product_id":"P29","product_category":"fruit_veg","purchase_count":14}
{"loyalty_score":3,"product_id":"P25","product_category":"fruit_veg","purchase_count":14}
{"loyalty_score":3,"product_id":"P05","product_category":"house","purchase_count":14}
{"loyalty_score":3,"product_id":"P06","product_category":"house","purchase_count":14}
{"loyalty_score":3,"product_id":"P02","product_category":"house","purchase_count":14}
