{"customer_id": "C11", "basket": [{"product_id": "P58", "price": 67}, {"product_id": "P52", "price": 205}], "date_of_purchase": "2019-02-02 22:11:00"}
{"customer_id": "C13", "basket": [{"product_id": "P03", "price": 658}, {"product_id": "P04", "price": 1891}], "date_of_purchase": "2019-02-02 03:33:00"}
{"customer_id": "C16", "basket": [{"product_id": "P07", "price": 1713}, {"product_id": "P12", "price": 609}, {"product_id": "P05", "price": 783}], "date_of_purchase": "2019-02-02 20:43:00"}
{"customer_id": "C18", "basket": [{"product_id": "P13", "price": 1136}, {"product_id": "P19", "price": 678}, {"product_id": "P16", "price": 1129}], "date_of_purchase": "2019-02-02 17:40:00"}
{"customer_id": "C20", "basket": [{"product_id": "P06", "price": 988}], "date_of_purchase": "2019-02-02 21:30:00"}
{"customer_id": "C35", "basket": [{"product_id": "P16", "price": 914}, {"product_id": "P18", "price": 598}, {"product_id": "P17", "price": 1380}], "date_of_purchase": "2019-02-02 15:31:00"}
{"customer_id": "C39", "basket": [{"product_id": "P55", "price": 855}], "date_of_purchase": "2019-02-02 11:35:00"}
{"customer_id": "C40", "basket": [{"product_id": "P47", "price": 587}, {"product_id": "P51", "price": 364}], "date_of_purchase": "2019-02-02 06:50:00"}
{"customer_id": "C45", "basket": [{"product_id": "P36", "price": 1720}, {"product_id": "P37", "price": 98}, {"product_id": "P36", "price": 982}], "date_of_purchase": "2019-02-02 13:23:00"}
{"customer_id": "C63", "basket": [{"product_id": "P34", "price": 479}, {"product_id": "P26", "price": 1243}, {"product_id": "P26", "price": 1166}], "date_of_purchase": "2019-02-02 23:04:00"}
{"customer_id": "C70", "basket": [{"product_id": "P58", "price": 1196}, {"product_id": "P42", "price": 599}, {"product_id": "P48", "price": 1636}], "date_of_purchase": "2019-02-02 12:27:00"}
{"customer_id": "C75", "basket": [{"product_id": "P11", "price": 1892}, {"product_id": "P08", "price": 169}, {"product_id": "P02", "price": 1720}], "date_of_purchase": "2019-02-02 14:50:00"}
{"customer_id": "C80", "basket": [{"product_id": "P26", "price": 347}], "date_of_purchase": "2019-02-02 22:54:00"}
{"customer_id": "C83", "basket": [{"product_id": "P55", "price": 931}], "date_of_purchase": "2019-02-02 14:04:00"}
{"customer_id": "C101", "basket": [{"product_id": "P61", "price": 747}], "date_of_purchase": "2019-02-02 16:56:00"}
{"customer_id": "C113", "basket": [{"product_id": "P61", "price": 535}], "date_of_purchase": "2019-02-02 09:29:00"}
{"customer_id": "C122", "basket": [{"product_id": "P36", "price": 490}, {"product_id": "P38", "price": 1479}, {"product_id": "P39", "price": 248}], "date_of_purchase": "2019-02-02 06:10:00"}
{"customer_id": "C123", "basket": [{"product_id": "P37", "price": 937}, {"product_id": "P38", "price": 655}], "date_of_purchase": "2019-02-02 17:19:00"}
{"customer_id": "C125", "basket": [{"product_id": "P23", "price": 1613}], "date_of_purchase": "2019-02-02 12:22:00"}
{"customer_id": "C127", "basket": [{"product_id": "P28", "price": 570}, {"product_id": "P26", "price": 634}], "date_of_purchase": "2019-02-02 03:17:00"}
{"customer_id": "C129", "basket": [{"product_id": "P23", "price": 1432}, {"product_id": "P28", "price": 1359}, {"product_id": "P28", "price": 1438}], "date_of_purchase": "2019-02-02 16:44:00"}
{"customer_id": "C130", "basket": [{"product_id": "P45", "price": 138}], "date_of_purchase": "2019-02-02 15:56:00"}
{"customer_id": "C135", "basket": [{"product_id": "P32", "price": 1556}], "date_of_purchase": "2019-02-02 08:38:00"}
