{"loyalty_score":8,"product_id":"P44","product_category":"food","purchase_count":15}
{"loyalty_score":8,"product_id":"P44","product_category":"food","purchase_count":15}
{"loyalty_score":8,"product_id":"P50","product_category":"food","purchase_count":15}
{"loyalty_score":8,"product_id":"P42","product_category":"food","purchase_count":15}
{"loyalty_score":8,"product_id":"P51","product_category":"food","purchase_count":15}
{"loyalty_score":8,"product_id":"P47","product_category":"food","purchase_count":15}
{"loyalty_score":8,"product_id":"P60","product_category":"food","purchase_count":15}
{"loyalty_score":8,"product_id":"P54","product_category":"food","purchase_count":15}
{"loyalty_score":8,"product_id":"P48","product_category":"food","purchase_count":15}
{"loyalty_score":8,"product_id":"P45","product_category":"food","purchase_count":15}
{"loyalty_score":8,"product_id":"P47","product_category":"food","purchase_count":15}
{"loyalty_score":8,"product_id":"P51","product_category":"food","purchase_count":15}
{"loyalty_score":8,"product_id":"P53","product_category":"food","purchase_count":15}
{"loyalty_score":8,"product_id":"P39","product_category":"sweets","purchase_count":15}
{"loyalty_score":8,"product_id":"P49","product_category":"food","purchase_count":15}
