{"loyalty_score":1,"product_id":"P42","product_category":"food","purchase_count":32}
{"loyalty_score":1,"product_id":"P19","product_category":"clothes","purchase_count":32}
{"loyalty_score":1,"product_id":"P56","product_category":"food","purchase_count":32}
{"loyalty_score":1,"product_id":"P43","product_category":"food","purchase_count":32}
{"loyalty_score":1,"product_id":"P60","product_category":"food","purchase_count":32}
{"loyalty_score":1,"product_id":"P14","product_category":"clothes","purchase_count":32}
{"loyalty_score":1,"product_id":"P63","product_category":"bws","purchase_count":32}
{"loyalty_score":1,"product_id":"P49","product_category":"food","purchase_count":32}
{"loyalty_score":1,"product_id":"P54","product_category":"food","purchase_count":32}
{"loyalty_score":1,"product_id":"P58","product_category":"food","purchase_count":32}
{"loyalty_score":1,"product_id":"P49","product_category":"food","purchase_count":32}
{"loyalty_score":1,"product_id":"P20","product_category":"clothes","purchase_count":32}
{"loyalty_score":1,"product_id":"P16","product_category":"clothes","purchase_count":32}
{"loyalty_score":1,"product_id":"P13","product_category":"clothes","purchase_count":32}
{"loyalty_score":1,"product_id":"P16","product_category":"clothes","purchase_count":32}
{"loyalty_score":1,"product_id":"P48","product_category":"food","purchase_count":32}
{"loyalty_score":1,"product_id":"P50","product_category":"food","purchase_count":32}
{"loyalty_score":1,"product_id":"P53","product_category":"food","purchase_count":32}
{"loyalty_score":1,"product_id":"P54","product_category":"food","purchase_count":32}
{"loyalty_score":1,"product_id":"P57","product_category":"food","purchase_count":32}
{"loyalty_score":1,"product_id":"P54","product_category":"food","purchase_count":32}
{"loyalty_score":1,"product_id":"P64","product_category":"bws","purchase_count":32}
{"loyalty_score":1,"product_id":"P61","product_category":"bws","purchase_count":32}
{"loyalty_score":1,"product_id":"P62","product_category":"bws","purchase_count":32}
{"loyalty_score":1,"product_id":"P64","product_category":"bws","purchase_count":32}
{"loyalty_score":1,"product_id":"P64","product_category":"bws","purchase_count":32}
{"loyalty_score":1,"product_id":"P63","product_category":"bws","purchase_count":32}
{"loyalty_score":1,"product_id":"P49","product_category":"food","purchase_count":32}
{"loyalty_score":1,"product_id":"P61","product_category":"bws","purchase_count":32}
{"loyalty_score":1,"product_id":"P63","product_category":"bws","purchase_count":32}
{"loyalty_score":1,"product_id":"P63","product_category":"bws","purchase_count":32}
{"loyalty_score":1,"product_id":"P62","product_category":"bws","purchase_count":32}
