{"loyalty_score":7,"product_id":"P12","product_category":"house","purchase_count":7}
{"loyalty_score":7,"product_id":"P09","product_category":"house","purchase_count":7}
{"loyalty_score":7,"product_id":"P08","product_category":"house","purchase_count":7}
{"loyalty_score":7,"product_id":"P49","product_category":"food","purchase_count":7}
{"loyalty_score":7,"product_id":"P30","product_category":"fruit_veg","purchase_count":7}
{"loyalty_score":7,"product_id":"P09","product_category":"house","purchase_count":7}
{"loyalty_score":7,"product_id":"P05","product_category":"house","purchase_count":7}
