{"customer_id": "C5", "basket": [{"product_id": "P24", "price": 1432}, {"product_id": "P23", "price": 1908}], "date_of_purchase": "2019-01-19 06:52:00"}
{"customer_id": "C16", "basket": [{"product_id": "P10", "price": 758}, {"product_id": "P07", "price": 800}, {"product_id": "P09", "price": 1450}], "date_of_purchase": "2019-01-19 10:46:00"}
{"customer_id": "C23", "basket": [{"product_id": "P36", "price": 1750}, {"product_id": "P40", "price": 1021}], "date_of_purchase": "2019-01-19 15:40:00"}
{"customer_id": "C26", "basket": [{"product_id": "P37", "price": 1768}, {"product_id": "P39", "price": 122}, {"product_id": "P38", "price": 1188}], "date_of_purchase": "2019-01-19 05:18:00"}
{"customer_id": "C30", "basket": [{"product_id": "P39", "price": 796}, {"product_id": "P39", "price": 471}], "date_of_purchase": "2019-01-19 19:30:00"}
{"customer_id": "C34", "basket": [{"product_id": "P57", "price": 1085}], "date_of_purchase": "2019-01-19 09:08:00"}
{"customer_id": "C40", "basket": [{"product_id": "P47", "price": 622}, {"product_id": "P51", "price": 769}], "date_of_purchase": "2019-01-19 03:09:00"}
{"customer_id": "C48", "basket": [{"product_id": "P27", "price": 1208}], "date_of_purchase": "2019-01-19 18:03:00"}
{"customer_id": "C50", "basket": [{"product_id": "P35", "price": 1680}], "date_of_purchase": "2019-01-19 03:09:00"}
{"customer_id": "C54", "basket": [{"product_id": "P24", "price": 718}, {"product_id": "P24", "price": 1542}], "date_of_purchase": "2019-01-19 05:14:00"}
{"customer_id": "C57", "basket": [{"product_id": "P38", "price": 4}, {"product_id": "P38", "price": 213}, {"product_id": "P40", "price": 1300}], "date_of_purchase": "2019-01-19 18:26:00"}
{"customer_id": "C60", "basket": [{"product_id": "P62", "price": 447}, {"product_id": "P61", "price": 1114}], "date_of_purchase": "2019-01-19 10:56:00"}
{"customer_id": "C67", "basket": [{"product_id": "P11", "price": 14}], "date_of_purchase": "2019-01-19 08:55:00"}
{"customer_id": "C72", "basket": [{"product_id": "P30", "price": 1946}, {"product_id": "P32", "price": 1653}, {"product_id": "P32", "price": 1432}], "date_of_purchase": "2019-01-19 13:18:00"}
{"customer_id": "C79", "basket": [{"product_id": "P50", "price": 1576}, {"product_id": "P41", "price": 553}, {"product_id": "P48", "price": 257}], "date_of_purchase": "2019-01-19 13:48:00"}
{"customer_id": "C88", "basket": [{"product_id": "P60", "price": 1947}, {"product_id": "P57", "price": 1696}, {"product_id": "P46", "price": 1283}], "date_of_purchase": "2019-01-19 11:08:00"}
{"customer_id": "C91", "basket": [{"product_id": "P18", "price": 1966}, {"product_id": "P15", "price": 315}, {"product_id": "P21", "price": 1342}], "date_of_purchase": "2019-01-19 22:57:00"}
{"customer_id": "C103", "basket": [{"product_id": "P64", "price": 1726}, {"product_id": "P63", "price": 383}], "date_of_purchase": "2019-01-19 14:41:00"}
{"customer_id": "C106", "basket": [{"product_id": "P53", "price": 1701}], "date_of_purchase": "2019-01-19 20:53:00"}
{"customer_id": "C108", "basket": [{"product_id": "P11", "price": 777}], "date_of_purchase": "2019-01-19 18:57:00"}
{"customer_id": "C111", "basket": [{"product_id": "P61", "price": 1992}, {"product_id": "P63", "price": 450}, {"product_id": "P62", "price": 1918}], "date_of_purchase": "2019-01-19 03:54:00"}
{"customer_id": "C116", "basket": [{"product_id": "P45", "price": 1815}], "date_of_purchase": "2019-01-19 04:30:00"}
{"customer_id": "C117", "basket": [{"product_id": "P55", "price": 1973}], "date_of_purchase": "2019-01-19 19:11:00"}
{"customer_id": "C125", "basket": [{"product_id": "P04", "price": 426}, {"product_id": "P06", "price": 1249}], "date_of_purchase": "2019-01-19 08:29:00"}
{"customer_id": "C132", "basket": [{"product_id": "P58", "price": 1781}, {"product_id": "P59", "price": 676}], "date_of_purchase": "2019-01-19 08:52:00"}
{"customer_id": "C136", "basket": [{"product_id": "P12", "price": 485}], "date_of_purchase": "2019-01-19 07:53:00"}
{"customer_id": "C137", "basket": [{"product_id": "P07", "price": 96}, {"product_id": "P06", "price": 408}, {"product_id": "P12", "price": 1074}], "date_of_purchase": "2019-01-19 09:57:00"}
