{"loyalty_score":10,"product_id":"P25","product_category":"fruit_veg","purchase_count":13}
{"loyalty_score":10,"product_id":"P28","product_category":"fruit_veg","purchase_count":13}
{"loyalty_score":10,"product_id":"P31","product_category":"fruit_veg","purchase_count":13}
{"loyalty_score":10,"product_id":"P24","product_category":"fruit_veg","purchase_count":13}
{"loyalty_score":10,"product_id":"P22","product_category":"fruit_veg","purchase_count":13}
{"loyalty_score":10,"product_id":"P33","product_category":"fruit_veg","purchase_count":13}
{"loyalty_score":10,"product_id":"P11","product_category":"house","purchase_count":13}
{"loyalty_score":10,"product_id":"P10","product_category":"house","purchase_count":13}
{"loyalty_score":10,"product_id":"P11","product_category":"house","purchase_count":13}
{"loyalty_score":10,"product_id":"P30","product_category":"fruit_veg","purchase_count":13}
{"loyalty_score":10,"product_id":"P33","product_category":"fruit_veg","purchase_count":13}
{"loyalty_score":10,"product_id":"P25","product_category":"fruit_veg","purchase_count":13}
{"loyalty_score":10,"product_id":"P32","product_category":"fruit_veg","purchase_count":13}
